STRUCTURE,STRUCTURE_ID,STRUCTURE_NAME,freq,Time frequency,indic,Indicator,s_adj,Seasonal adjustment,unit,Unit of measure,geo,Geopolitical entity (reporting),TIME_PERIOD,Time,OBS_VALUE,Observation value,OBS_FLAG,Observation status (Flag) V2 structure,CONF_STATUS,Confidentiality status (flag)
dataflow,ESTAT:EI_BSCO_M(1.0),Consumers confidence indicator and survey results - monthly data,M,Monthly,BS-CSMCI,Consumer confidence indicator,NSA,Unadjusted data (i.e. neither seasonally adjusted nor calendar adjusted data),BAL,Balance,EA20,Euro area – 20 countries (2023-2025),2018-09,,-4.7,,,,,
dataflow,ESTAT:EI_BSCO_M(1.0),Consumers confidence indicator and survey results - monthly data,M,Monthly,BS-CSMCI,Consumer confidence indicator,NSA,Unadjusted data (i.e. neither seasonally adjusted nor calendar adjusted data),BAL,Balance,EA20,Euro area – 20 countries (2023-2025),2018-10,,-5.0,,,,,
dataflow,ESTAT:EI_BSCO_M(1.0),Consumers confidence indicator and survey results - monthly data,M,Monthly,BS-CSMCI,Consumer confidence indicator,NSA,Unadjusted data (i.e. neither seasonally adjusted nor calendar adjusted data),BAL,Balance,EA20,Euro area – 20 countries (2023-2025),2018-11,,-5.7,,,,,
dataflow,ESTAT:EI_BSCO_M(1.0),Consumers confidence indicator and survey results - monthly data,M,Monthly,BS-CSMCI,Consumer confidence indicator,NSA,Unadjusted data (i.e. neither seasonally adjusted nor calendar adjusted data),BAL,Balance,EA20,Euro area – 20 countries (2023-2025),2018-12,,-7.0,,,,,
dataflow,ESTAT:EI_BSCO_M(1.0),Consumers confidence indicator and survey results - monthly data,M,Monthly,BS-CSMCI,Consumer confidence indicator,NSA,Unadjusted data (i.e. neither seasonally adjusted nor calendar adjusted data),BAL,Balance,EA20,Euro area – 20 countries (2023-2025),2019-01,,-5.2,,,,,
dataflow,ESTAT:EI_BSCO_M(1.0),Consumers confidence indicator and survey results - monthly data,M,Monthly,BS-CSMCI,Consumer confidence indicator,NSA,Unadjusted data (i.e. neither seasonally adjusted nor calendar adjusted data),BAL,Balance,EA20,Euro area – 20 countries (2023-2025),2019-02,,-5.4,,,,,
dataflow,ESTAT:EI_BSCO_M(1.0),Consumers confidence indicator and survey results - monthly data,M,Monthly,BS-CSMCI,Consumer confidence indicator,NSA,Unadjusted data (i.e. neither seasonally adjusted nor calendar adjusted data),BAL,Balance,EA20,Euro area – 20 countries (2023-2025),2019-03,,-4.9,,,,,
dataflow,ESTAT:EI_BSCO_M(1.0),Consumers confidence indicator and survey results - monthly data,M,Monthly,BS-CSMCI,Consumer confidence indicator,NSA,Unadjusted data (i.e. neither seasonally adjusted nor calendar adjusted data),BAL,Balance,EA20,Euro area – 20 countries (2023-2025),2019-04,,-5.2,,,,,
dataflow,ESTAT:EI_BSCO_M(1.0),Consumers confidence indicator and survey results - monthly data,M,Monthly,BS-CSMCI,Consumer confidence indicator,NSA,Unadjusted data (i.e. neither seasonally adjusted nor calendar adjusted data),BAL,Balance,EA20,Euro area – 20 countries (2023-2025),2019-05,,-4.1,,,,,
dataflow,ESTAT:EI_BSCO_M(1.0),Consumers confidence indicator and survey results - monthly data,M,Monthly,BS-CSMCI,Consumer confidence indicator,NSA,Unadjusted data (i.e. neither seasonally adjusted nor calendar adjusted data),BAL,Balance,EA20,Euro area – 20 countries (2023-2025),2019-06,,-4.2,,,,,
dataflow,ESTAT:EI_BSCO_M(1.0),Consumers confidence indicator and survey results - monthly data,M,Monthly,BS-CSMCI,Consumer confidence indicator,NSA,Unadjusted data (i.e. neither seasonally adjusted nor calendar adjusted data),BAL,Balance,EA20,Euro area – 20 countries (2023-2025),2019-07,,-4.2,,,,,
dataflow,ESTAT:EI_BSCO_M(1.0),Consumers confidence indicator and survey results - monthly data,M,Monthly,BS-CSMCI,Consumer confidence indicator,NSA,Unadjusted data (i.e. neither seasonally adjusted nor calendar adjusted data),BAL,Balance,EA20,Euro area – 20 countries (2023-2025),2019-08,,-5.4,,,,,
dataflow,ESTAT:EI_BSCO_M(1.0),Consumers confidence indicator and survey results - monthly data,M,Monthly,BS-CSMCI,Consumer confidence indicator,NSA,Unadjusted data (i.e. neither seasonally adjusted nor calendar adjusted data),BAL,Balance,EA20,Euro area – 20 countries (2023-2025),2019-09,,-5.3,,,,,
dataflow,ESTAT:EI_BSCO_M(1.0),Consumers confidence indicator and survey results - monthly data,M,Monthly,BS-CSMCI,Consumer confidence indicator,NSA,Unadjusted data (i.e. neither seasonally adjusted nor calendar adjusted data),BAL,Balance,EA20,Euro area – 20 countries (2023-2025),2019-10,,-6.9,,,,,
dataflow,ESTAT:EI_BSCO_M(1.0),Consumers confidence indicator and survey results - monthly data,M,Monthly,BS-CSMCI,Consumer confidence indicator,NSA,Unadjusted data (i.e. neither seasonally adjusted nor calendar adjusted data),BAL,Balance,EA20,Euro area – 20 countries (2023-2025),2019-11,,-6.4,,,,,
dataflow,ESTAT:EI_BSCO_M(1.0),Consumers confidence indicator and survey results - monthly data,M,Monthly,BS-CSMCI,Consumer confidence indicator,NSA,Unadjusted data (i.e. neither seasonally adjusted nor calendar adjusted data),BAL,Balance,EA20,Euro area – 20 countries (2023-2025),2019-12,,-7.3,,,,,
dataflow,ESTAT:EI_BSCO_M(1.0),Consumers confidence indicator and survey results - monthly data,M,Monthly,BS-CSMCI,Consumer confidence indicator,NSA,Unadjusted data (i.e. neither seasonally adjusted nor calendar adjusted data),BAL,Balance,EA20,Euro area – 20 countries (2023-2025),2020-01,,-5.9,,,,,
dataflow,ESTAT:EI_BSCO_M(1.0),Consumers confidence indicator and survey results - monthly data,M,Monthly,BS-CSMCI,Consumer confidence indicator,NSA,Unadjusted data (i.e. neither seasonally adjusted nor calendar adjusted data),BAL,Balance,EA20,Euro area – 20 countries (2023-2025),2020-02,,-5.0,,,,,
dataflow,ESTAT:EI_BSCO_M(1.0),Consumers confidence indicator and survey results - monthly data,M,Monthly,BS-CSMCI,Consumer confidence indicator,NSA,Unadjusted data (i.e. neither seasonally adjusted nor calendar adjusted data),BAL,Balance,EA20,Euro area – 20 countries (2023-2025),2020-03,,-11.1,,,,,
dataflow,ESTAT:EI_BSCO_M(1.0),Consumers confidence indicator and survey results - monthly data,M,Monthly,BS-CSMCI,Consumer confidence indicator,NSA,Unadjusted data (i.e. neither seasonally adjusted nor calendar adjusted data),BAL,Balance,EA20,Euro area – 20 countries (2023-2025),2020-04,,-23.1,,,,,
dataflow,ESTAT:EI_BSCO_M(1.0),Consumers confidence indicator and survey results - monthly data,M,Monthly,BS-CSMCI,Consumer confidence indicator,NSA,Unadjusted data (i.e. neither seasonally adjusted nor calendar adjusted data),BAL,Balance,EA20,Euro area – 20 countries (2023-2025),2020-05,,-18.2,,,,,
dataflow,ESTAT:EI_BSCO_M(1.0),Consumers confidence indicator and survey results - monthly data,M,Monthly,BS-CSMCI,Consumer confidence indicator,NSA,Unadjusted data (i.e. neither seasonally adjusted nor calendar adjusted data),BAL,Balance,EA20,Euro area – 20 countries (2023-2025),2020-06,,-11.9,,,,,
dataflow,ESTAT:EI_BSCO_M(1.0),Consumers confidence indicator and survey results - monthly data,M,Monthly,BS-CSMCI,Consumer confidence indicator,NSA,Unadjusted data (i.e. neither seasonally adjusted nor calendar adjusted data),BAL,Balance,EA20,Euro area – 20 countries (2023-2025),2020-07,,-12.4,,,,,
dataflow,ESTAT:EI_BSCO_M(1.0),Consumers confidence indicator and survey results - monthly data,M,Monthly,BS-CSMCI,Consumer confidence indicator,NSA,Unadjusted data (i.e. neither seasonally adjusted nor calendar adjusted data),BAL,Balance,EA20,Euro area – 20 countries (2023-2025),2020-08,,-12.4,,,,,
dataflow,ESTAT:EI_BSCO_M(1.0),Consumers confidence indicator and survey results - monthly data,M,Monthly,BS-CSMCI,Consumer confidence indicator,NSA,Unadjusted data (i.e. neither seasonally adjusted nor calendar adjusted data),BAL,Balance,EA20,Euro area – 20 countries (2023-2025),2020-09,,-11.5,,,,,
dataflow,ESTAT:EI_BSCO_M(1.0),Consumers confidence indicator and survey results - monthly data,M,Monthly,BS-CSMCI,Consumer confidence indicator,SA,"Seasonally adjusted data, not calendar adjusted data",BAL,Balance,EA20,Euro area – 20 countries (2023-2025),2018-09,,-4.8,,,,,
dataflow,ESTAT:EI_BSCO_M(1.0),Consumers confidence indicator and survey results - monthly data,M,Monthly,BS-CSMCI,Consumer confidence indicator,SA,"Seasonally adjusted data, not calendar adjusted data",BAL,Balance,EA20,Euro area – 20 countries (2023-2025),2018-10,,-3.9,,,,,
dataflow,ESTAT:EI_BSCO_M(1.0),Consumers confidence indicator and survey results - monthly data,M,Monthly,BS-CSMCI,Consumer confidence indicator,SA,"Seasonally adjusted data, not calendar adjusted data",BAL,Balance,EA20,Euro area – 20 countries (2023-2025),2018-11,,-4.5,,,,,
dataflow,ESTAT:EI_BSCO_M(1.0),Consumers confidence indicator and survey results - monthly data,M,Monthly,BS-CSMCI,Consumer confidence indicator,SA,"Seasonally adjusted data, not calendar adjusted data",BAL,Balance,EA20,Euro area – 20 countries (2023-2025),2018-12,,-5.9,,,,,
dataflow,ESTAT:EI_BSCO_M(1.0),Consumers confidence indicator and survey results - monthly data,M,Monthly,BS-CSMCI,Consumer confidence indicator,SA,"Seasonally adjusted data, not calendar adjusted data",BAL,Balance,EA20,Euro area – 20 countries (2023-2025),2019-01,,-5.1,,,,,
dataflow,ESTAT:EI_BSCO_M(1.0),Consumers confidence indicator and survey results - monthly data,M,Monthly,BS-CSMCI,Consumer confidence indicator,SA,"Seasonally adjusted data, not calendar adjusted data",BAL,Balance,EA20,Euro area – 20 countries (2023-2025),2019-02,,-5.2,,,,,
dataflow,ESTAT:EI_BSCO_M(1.0),Consumers confidence indicator and survey results - monthly data,M,Monthly,BS-CSMCI,Consumer confidence indicator,SA,"Seasonally adjusted data, not calendar adjusted data",BAL,Balance,EA20,Euro area – 20 countries (2023-2025),2019-03,,-4.8,,,,,
dataflow,ESTAT:EI_BSCO_M(1.0),Consumers confidence indicator and survey results - monthly data,M,Monthly,BS-CSMCI,Consumer confidence indicator,SA,"Seasonally adjusted data, not calendar adjusted data",BAL,Balance,EA20,Euro area – 20 countries (2023-2025),2019-04,,-5.4,,,,,
dataflow,ESTAT:EI_BSCO_M(1.0),Consumers confidence indicator and survey results - monthly data,M,Monthly,BS-CSMCI,Consumer confidence indicator,SA,"Seasonally adjusted data, not calendar adjusted data",BAL,Balance,EA20,Euro area – 20 countries (2023-2025),2019-05,,-5.0,,,,,
dataflow,ESTAT:EI_BSCO_M(1.0),Consumers confidence indicator and survey results - monthly data,M,Monthly,BS-CSMCI,Consumer confidence indicator,SA,"Seasonally adjusted data, not calendar adjusted data",BAL,Balance,EA20,Euro area – 20 countries (2023-2025),2019-06,,-5.6,,,,,
dataflow,ESTAT:EI_BSCO_M(1.0),Consumers confidence indicator and survey results - monthly data,M,Monthly,BS-CSMCI,Consumer confidence indicator,SA,"Seasonally adjusted data, not calendar adjusted data",BAL,Balance,EA20,Euro area – 20 countries (2023-2025),2019-07,,-5.1,,,,,
dataflow,ESTAT:EI_BSCO_M(1.0),Consumers confidence indicator and survey results - monthly data,M,Monthly,BS-CSMCI,Consumer confidence indicator,SA,"Seasonally adjusted data, not calendar adjusted data",BAL,Balance,EA20,Euro area – 20 countries (2023-2025),2019-08,,-5.8,,,,,
dataflow,ESTAT:EI_BSCO_M(1.0),Consumers confidence indicator and survey results - monthly data,M,Monthly,BS-CSMCI,Consumer confidence indicator,SA,"Seasonally adjusted data, not calendar adjusted data",BAL,Balance,EA20,Euro area – 20 countries (2023-2025),2019-09,,-5.4,,,,,
dataflow,ESTAT:EI_BSCO_M(1.0),Consumers confidence indicator and survey results - monthly data,M,Monthly,BS-CSMCI,Consumer confidence indicator,SA,"Seasonally adjusted data, not calendar adjusted data",BAL,Balance,EA20,Euro area – 20 countries (2023-2025),2019-10,,-5.8,,,,,
dataflow,ESTAT:EI_BSCO_M(1.0),Consumers confidence indicator and survey results - monthly data,M,Monthly,BS-CSMCI,Consumer confidence indicator,SA,"Seasonally adjusted data, not calendar adjusted data",BAL,Balance,EA20,Euro area – 20 countries (2023-2025),2019-11,,-5.2,,,,,
dataflow,ESTAT:EI_BSCO_M(1.0),Consumers confidence indicator and survey results - monthly data,M,Monthly,BS-CSMCI,Consumer confidence indicator,SA,"Seasonally adjusted data, not calendar adjusted data",BAL,Balance,EA20,Euro area – 20 countries (2023-2025),2019-12,,-6.3,,,,,
dataflow,ESTAT:EI_BSCO_M(1.0),Consumers confidence indicator and survey results - monthly data,M,Monthly,BS-CSMCI,Consumer confidence indicator,SA,"Seasonally adjusted data, not calendar adjusted data",BAL,Balance,EA20,Euro area – 20 countries (2023-2025),2020-01,,-5.8,,,,,
dataflow,ESTAT:EI_BSCO_M(1.0),Consumers confidence indicator and survey results - monthly data,M,Monthly,BS-CSMCI,Consumer confidence indicator,SA,"Seasonally adjusted data, not calendar adjusted data",BAL,Balance,EA20,Euro area – 20 countries (2023-2025),2020-02,,-4.8,,,,,
dataflow,ESTAT:EI_BSCO_M(1.0),Consumers confidence indicator and survey results - monthly data,M,Monthly,BS-CSMCI,Consumer confidence indicator,SA,"Seasonally adjusted data, not calendar adjusted data",BAL,Balance,EA20,Euro area – 20 countries (2023-2025),2020-03,,-10.9,,,,,
dataflow,ESTAT:EI_BSCO_M(1.0),Consumers confidence indicator and survey results - monthly data,M,Monthly,BS-CSMCI,Consumer confidence indicator,SA,"Seasonally adjusted data, not calendar adjusted data",BAL,Balance,EA20,Euro area – 20 countries (2023-2025),2020-04,,-23.3,,,,,
dataflow,ESTAT:EI_BSCO_M(1.0),Consumers confidence indicator and survey results - monthly data,M,Monthly,BS-CSMCI,Consumer confidence indicator,SA,"Seasonally adjusted data, not calendar adjusted data",BAL,Balance,EA20,Euro area – 20 countries (2023-2025),2020-05,,-19.1,,,,,
dataflow,ESTAT:EI_BSCO_M(1.0),Consumers confidence indicator and survey results - monthly data,M,Monthly,BS-CSMCI,Consumer confidence indicator,SA,"Seasonally adjusted data, not calendar adjusted data",BAL,Balance,EA20,Euro area – 20 countries (2023-2025),2020-06,,-13.2,,,,,
dataflow,ESTAT:EI_BSCO_M(1.0),Consumers confidence indicator and survey results - monthly data,M,Monthly,BS-CSMCI,Consumer confidence indicator,SA,"Seasonally adjusted data, not calendar adjusted data",BAL,Balance,EA20,Euro area – 20 countries (2023-2025),2020-07,,-13.3,,,,,
dataflow,ESTAT:EI_BSCO_M(1.0),Consumers confidence indicator and survey results - monthly data,M,Monthly,BS-CSMCI,Consumer confidence indicator,SA,"Seasonally adjusted data, not calendar adjusted data",BAL,Balance,EA20,Euro area – 20 countries (2023-2025),2020-08,,-12.8,,,,,
dataflow,ESTAT:EI_BSCO_M(1.0),Consumers confidence indicator and survey results - monthly data,M,Monthly,BS-CSMCI,Consumer confidence indicator,SA,"Seasonally adjusted data, not calendar adjusted data",BAL,Balance,EA20,Euro area – 20 countries (2023-2025),2020-09,,-11.5,,,,,
dataflow,ESTAT:EI_BSCO_M(1.0),Consumers confidence indicator and survey results - monthly data,M,Monthly,BS-FS-LY,Financial situation over the last 12 months,NSA,Unadjusted data (i.e. neither seasonally adjusted nor calendar adjusted data),BAL,Balance,EA20,Euro area – 20 countries (2023-2025),2018-09,,-2.7,,,,,
dataflow,ESTAT:EI_BSCO_M(1.0),Consumers confidence indicator and survey results - monthly data,M,Monthly,BS-FS-LY,Financial situation over the last 12 months,NSA,Unadjusted data (i.e. neither seasonally adjusted nor calendar adjusted data),BAL,Balance,EA20,Euro area – 20 countries (2023-2025),2018-10,,-3.4,,,,,
dataflow,ESTAT:EI_BSCO_M(1.0),Consumers confidence indicator and survey results - monthly data,M,Monthly,BS-FS-LY,Financial situation over the last 12 months,NSA,Unadjusted data (i.e. neither seasonally adjusted nor calendar adjusted data),BAL,Balance,EA20,Euro area – 20 countries (2023-2025),2018-11,,-3.7,,,,,
dataflow,ESTAT:EI_BSCO_M(1.0),Consumers confidence indicator and survey results - monthly data,M,Monthly,BS-FS-LY,Financial situation over the last 12 months,NSA,Unadjusted data (i.e. neither seasonally adjusted nor calendar adjusted data),BAL,Balance,EA20,Euro area – 20 countries (2023-2025),2018-12,,-4.7,,,,,
dataflow,ESTAT:EI_BSCO_M(1.0),Consumers confidence indicator and survey results - monthly data,M,Monthly,BS-FS-LY,Financial situation over the last 12 months,NSA,Unadjusted data (i.e. neither seasonally adjusted nor calendar adjusted data),BAL,Balance,EA20,Euro area – 20 countries (2023-2025),2019-01,,-3.0,,,,,
dataflow,ESTAT:EI_BSCO_M(1.0),Consumers confidence indicator and survey results - monthly data,M,Monthly,BS-FS-LY,Financial situation over the last 12 months,NSA,Unadjusted data (i.e. neither seasonally adjusted nor calendar adjusted data),BAL,Balance,EA20,Euro area – 20 countries (2023-2025),2019-02,,-2.8,,,,,
dataflow,ESTAT:EI_BSCO_M(1.0),Consumers confidence indicator and survey results - monthly data,M,Monthly,BS-FS-LY,Financial situation over the last 12 months,NSA,Unadjusted data (i.e. neither seasonally adjusted nor calendar adjusted data),BAL,Balance,EA20,Euro area – 20 countries (2023-2025),2019-03,,-2.8,,,,,
dataflow,ESTAT:EI_BSCO_M(1.0),Consumers confidence indicator and survey results - monthly data,M,Monthly,BS-FS-LY,Financial situation over the last 12 months,NSA,Unadjusted data (i.e. neither seasonally adjusted nor calendar adjusted data),BAL,Balance,EA20,Euro area – 20 countries (2023-2025),2019-04,,-2.4,,,,,
dataflow,ESTAT:EI_BSCO_M(1.0),Consumers confidence indicator and survey results - monthly data,M,Monthly,BS-FS-LY,Financial situation over the last 12 months,NSA,Unadjusted data (i.e. neither seasonally adjusted nor calendar adjusted data),BAL,Balance,EA20,Euro area – 20 countries (2023-2025),2019-05,,-1.6,,,,,
dataflow,ESTAT:EI_BSCO_M(1.0),Consumers confidence indicator and survey results - monthly data,M,Monthly,BS-FS-LY,Financial situation over the last 12 months,NSA,Unadjusted data (i.e. neither seasonally adjusted nor calendar adjusted data),BAL,Balance,EA20,Euro area – 20 countries (2023-2025),2019-06,,-1.9,,,,,
dataflow,ESTAT:EI_BSCO_M(1.0),Consumers confidence indicator and survey results - monthly data,M,Monthly,BS-FS-LY,Financial situation over the last 12 months,NSA,Unadjusted data (i.e. neither seasonally adjusted nor calendar adjusted data),BAL,Balance,EA20,Euro area – 20 countries (2023-2025),2019-07,,-0.9,,,,,
dataflow,ESTAT:EI_BSCO_M(1.0),Consumers confidence indicator and survey results - monthly data,M,Monthly,BS-FS-LY,Financial situation over the last 12 months,NSA,Unadjusted data (i.e. neither seasonally adjusted nor calendar adjusted data),BAL,Balance,EA20,Euro area – 20 countries (2023-2025),2019-08,,-0.7,,,,,
dataflow,ESTAT:EI_BSCO_M(1.0),Consumers confidence indicator and survey results - monthly data,M,Monthly,BS-FS-LY,Financial situation over the last 12 months,NSA,Unadjusted data (i.e. neither seasonally adjusted nor calendar adjusted data),BAL,Balance,EA20,Euro area – 20 countries (2023-2025),2019-09,,-0.6,,,,,
dataflow,ESTAT:EI_BSCO_M(1.0),Consumers confidence indicator and survey results - monthly data,M,Monthly,BS-FS-LY,Financial situation over the last 12 months,NSA,Unadjusted data (i.e. neither seasonally adjusted nor calendar adjusted data),BAL,Balance,EA20,Euro area – 20 countries (2023-2025),2019-10,,-1.9,,,,,
dataflow,ESTAT:EI_BSCO_M(1.0),Consumers confidence indicator and survey results - monthly data,M,Monthly,BS-FS-LY,Financial situation over the last 12 months,NSA,Unadjusted data (i.e. neither seasonally adjusted nor calendar adjusted data),BAL,Balance,EA20,Euro area – 20 countries (2023-2025),2019-11,,-2.5,,,,,
dataflow,ESTAT:EI_BSCO_M(1.0),Consumers confidence indicator and survey results - monthly data,M,Monthly,BS-FS-LY,Financial situation over the last 12 months,NSA,Unadjusted data (i.e. neither seasonally adjusted nor calendar adjusted data),BAL,Balance,EA20,Euro area – 20 countries (2023-2025),2019-12,,-2.6,,,,,
dataflow,ESTAT:EI_BSCO_M(1.0),Consumers confidence indicator and survey results - monthly data,M,Monthly,BS-FS-LY,Financial situation over the last 12 months,NSA,Unadjusted data (i.e. neither seasonally adjusted nor calendar adjusted data),BAL,Balance,EA20,Euro area – 20 countries (2023-2025),2020-01,,-1.1,,,,,
dataflow,ESTAT:EI_BSCO_M(1.0),Consumers confidence indicator and survey results - monthly data,M,Monthly,BS-FS-LY,Financial situation over the last 12 months,NSA,Unadjusted data (i.e. neither seasonally adjusted nor calendar adjusted data),BAL,Balance,EA20,Euro area – 20 countries (2023-2025),2020-02,,-0.8,,,,,
dataflow,ESTAT:EI_BSCO_M(1.0),Consumers confidence indicator and survey results - monthly data,M,Monthly,BS-FS-LY,Financial situation over the last 12 months,NSA,Unadjusted data (i.e. neither seasonally adjusted nor calendar adjusted data),BAL,Balance,EA20,Euro area – 20 countries (2023-2025),2020-03,,-1.5,,,,,
dataflow,ESTAT:EI_BSCO_M(1.0),Consumers confidence indicator and survey results - monthly data,M,Monthly,BS-FS-LY,Financial situation over the last 12 months,NSA,Unadjusted data (i.e. neither seasonally adjusted nor calendar adjusted data),BAL,Balance,EA20,Euro area – 20 countries (2023-2025),2020-04,,-2.1,,,,,
dataflow,ESTAT:EI_BSCO_M(1.0),Consumers confidence indicator and survey results - monthly data,M,Monthly,BS-FS-LY,Financial situation over the last 12 months,NSA,Unadjusted data (i.e. neither seasonally adjusted nor calendar adjusted data),BAL,Balance,EA20,Euro area – 20 countries (2023-2025),2020-05,,-6.1,,,,,
dataflow,ESTAT:EI_BSCO_M(1.0),Consumers confidence indicator and survey results - monthly data,M,Monthly,BS-FS-LY,Financial situation over the last 12 months,NSA,Unadjusted data (i.e. neither seasonally adjusted nor calendar adjusted data),BAL,Balance,EA20,Euro area – 20 countries (2023-2025),2020-06,,-6.7,,,,,
dataflow,ESTAT:EI_BSCO_M(1.0),Consumers confidence indicator and survey results - monthly data,M,Monthly,BS-FS-LY,Financial situation over the last 12 months,NSA,Unadjusted data (i.e. neither seasonally adjusted nor calendar adjusted data),BAL,Balance,EA20,Euro area – 20 countries (2023-2025),2020-07,,-9.0,,,,,
dataflow,ESTAT:EI_BSCO_M(1.0),Consumers confidence indicator and survey results - monthly data,M,Monthly,BS-FS-LY,Financial situation over the last 12 months,NSA,Unadjusted data (i.e. neither seasonally adjusted nor calendar adjusted data),BAL,Balance,EA20,Euro area – 20 countries (2023-2025),2020-08,,-8.0,,,,,
dataflow,ESTAT:EI_BSCO_M(1.0),Consumers confidence indicator and survey results - monthly data,M,Monthly,BS-FS-LY,Financial situation over the last 12 months,NSA,Unadjusted data (i.e. neither seasonally adjusted nor calendar adjusted data),BAL,Balance,EA20,Euro area – 20 countries (2023-2025),2020-09,,-9.6,,,,,
dataflow,ESTAT:EI_BSCO_M(1.0),Consumers confidence indicator and survey results - monthly data,M,Monthly,BS-FS-LY,Financial situation over the last 12 months,SA,"Seasonally adjusted data, not calendar adjusted data",BAL,Balance,EA20,Euro area – 20 countries (2023-2025),2018-09,,-3.2,,,,,
dataflow,ESTAT:EI_BSCO_M(1.0),Consumers confidence indicator and survey results - monthly data,M,Monthly,BS-FS-LY,Financial situation over the last 12 months,SA,"Seasonally adjusted data, not calendar adjusted data",BAL,Balance,EA20,Euro area – 20 countries (2023-2025),2018-10,,-3.2,,,,,
dataflow,ESTAT:EI_BSCO_M(1.0),Consumers confidence indicator and survey results - monthly data,M,Monthly,BS-FS-LY,Financial situation over the last 12 months,SA,"Seasonally adjusted data, not calendar adjusted data",BAL,Balance,EA20,Euro area – 20 countries (2023-2025),2018-11,,-3.0,,,,,
dataflow,ESTAT:EI_BSCO_M(1.0),Consumers confidence indicator and survey results - monthly data,M,Monthly,BS-FS-LY,Financial situation over the last 12 months,SA,"Seasonally adjusted data, not calendar adjusted data",BAL,Balance,EA20,Euro area – 20 countries (2023-2025),2018-12,,-4.3,,,,,
dataflow,ESTAT:EI_BSCO_M(1.0),Consumers confidence indicator and survey results - monthly data,M,Monthly,BS-FS-LY,Financial situation over the last 12 months,SA,"Seasonally adjusted data, not calendar adjusted data",BAL,Balance,EA20,Euro area – 20 countries (2023-2025),2019-01,,-3.3,,,,,
dataflow,ESTAT:EI_BSCO_M(1.0),Consumers confidence indicator and survey results - monthly data,M,Monthly,BS-FS-LY,Financial situation over the last 12 months,SA,"Seasonally adjusted data, not calendar adjusted data",BAL,Balance,EA20,Euro area – 20 countries (2023-2025),2019-02,,-2.7,,,,,
dataflow,ESTAT:EI_BSCO_M(1.0),Consumers confidence indicator and survey results - monthly data,M,Monthly,BS-FS-LY,Financial situation over the last 12 months,SA,"Seasonally adjusted data, not calendar adjusted data",BAL,Balance,EA20,Euro area – 20 countries (2023-2025),2019-03,,-2.5,,,,,
dataflow,ESTAT:EI_BSCO_M(1.0),Consumers confidence indicator and survey results - monthly data,M,Monthly,BS-FS-LY,Financial situation over the last 12 months,SA,"Seasonally adjusted data, not calendar adjusted data",BAL,Balance,EA20,Euro area – 20 countries (2023-2025),2019-04,,-2.1,,,,,
dataflow,ESTAT:EI_BSCO_M(1.0),Consumers confidence indicator and survey results - monthly data,M,Monthly,BS-FS-LY,Financial situation over the last 12 months,SA,"Seasonally adjusted data, not calendar adjusted data",BAL,Balance,EA20,Euro area – 20 countries (2023-2025),2019-05,,-1.7,,,,,
dataflow,ESTAT:EI_BSCO_M(1.0),Consumers confidence indicator and survey results - monthly data,M,Monthly,BS-FS-LY,Financial situation over the last 12 months,SA,"Seasonally adjusted data, not calendar adjusted data",BAL,Balance,EA20,Euro area – 20 countries (2023-2025),2019-06,,-2.1,,,,,
dataflow,ESTAT:EI_BSCO_M(1.0),Consumers confidence indicator and survey results - monthly data,M,Monthly,BS-FS-LY,Financial situation over the last 12 months,SA,"Seasonally adjusted data, not calendar adjusted data",BAL,Balance,EA20,Euro area – 20 countries (2023-2025),2019-07,,-1.4,,,,,
dataflow,ESTAT:EI_BSCO_M(1.0),Consumers confidence indicator and survey results - monthly data,M,Monthly,BS-FS-LY,Financial situation over the last 12 months,SA,"Seasonally adjusted data, not calendar adjusted data",BAL,Balance,EA20,Euro area – 20 countries (2023-2025),2019-08,,-1.3,,,,,
dataflow,ESTAT:EI_BSCO_M(1.0),Consumers confidence indicator and survey results - monthly data,M,Monthly,BS-FS-LY,Financial situation over the last 12 months,SA,"Seasonally adjusted data, not calendar adjusted data",BAL,Balance,EA20,Euro area – 20 countries (2023-2025),2019-09,,-1.1,,,,,
dataflow,ESTAT:EI_BSCO_M(1.0),Consumers confidence indicator and survey results - monthly data,M,Monthly,BS-FS-LY,Financial situation over the last 12 months,SA,"Seasonally adjusted data, not calendar adjusted data",BAL,Balance,EA20,Euro area – 20 countries (2023-2025),2019-10,,-1.7,,,,,
dataflow,ESTAT:EI_BSCO_M(1.0),Consumers confidence indicator and survey results - monthly data,M,Monthly,BS-FS-LY,Financial situation over the last 12 months,SA,"Seasonally adjusted data, not calendar adjusted data",BAL,Balance,EA20,Euro area – 20 countries (2023-2025),2019-11,,-1.8,,,,,
dataflow,ESTAT:EI_BSCO_M(1.0),Consumers confidence indicator and survey results - monthly data,M,Monthly,BS-FS-LY,Financial situation over the last 12 months,SA,"Seasonally adjusted data, not calendar adjusted data",BAL,Balance,EA20,Euro area – 20 countries (2023-2025),2019-12,,-2.1,,,,,
dataflow,ESTAT:EI_BSCO_M(1.0),Consumers confidence indicator and survey results - monthly data,M,Monthly,BS-FS-LY,Financial situation over the last 12 months,SA,"Seasonally adjusted data, not calendar adjusted data",BAL,Balance,EA20,Euro area – 20 countries (2023-2025),2020-01,,-1.4,,,,,
dataflow,ESTAT:EI_BSCO_M(1.0),Consumers confidence indicator and survey results - monthly data,M,Monthly,BS-FS-LY,Financial situation over the last 12 months,SA,"Seasonally adjusted data, not calendar adjusted data",BAL,Balance,EA20,Euro area – 20 countries (2023-2025),2020-02,,-0.6,,,,,
dataflow,ESTAT:EI_BSCO_M(1.0),Consumers confidence indicator and survey results - monthly data,M,Monthly,BS-FS-LY,Financial situation over the last 12 months,SA,"Seasonally adjusted data, not calendar adjusted data",BAL,Balance,EA20,Euro area – 20 countries (2023-2025),2020-03,,-1.2,,,,,
dataflow,ESTAT:EI_BSCO_M(1.0),Consumers confidence indicator and survey results - monthly data,M,Monthly,BS-FS-LY,Financial situation over the last 12 months,SA,"Seasonally adjusted data, not calendar adjusted data",BAL,Balance,EA20,Euro area – 20 countries (2023-2025),2020-04,,-1.8,,,,,
dataflow,ESTAT:EI_BSCO_M(1.0),Consumers confidence indicator and survey results - monthly data,M,Monthly,BS-FS-LY,Financial situation over the last 12 months,SA,"Seasonally adjusted data, not calendar adjusted data",BAL,Balance,EA20,Euro area – 20 countries (2023-2025),2020-05,,-6.1,,,,,
dataflow,ESTAT:EI_BSCO_M(1.0),Consumers confidence indicator and survey results - monthly data,M,Monthly,BS-FS-LY,Financial situation over the last 12 months,SA,"Seasonally adjusted data, not calendar adjusted data",BAL,Balance,EA20,Euro area – 20 countries (2023-2025),2020-06,,-6.9,,,,,
dataflow,ESTAT:EI_BSCO_M(1.0),Consumers confidence indicator and survey results - monthly data,M,Monthly,BS-FS-LY,Financial situation over the last 12 months,SA,"Seasonally adjusted data, not calendar adjusted data",BAL,Balance,EA20,Euro area – 20 countries (2023-2025),2020-07,,-9.5,,,,,
dataflow,ESTAT:EI_BSCO_M(1.0),Consumers confidence indicator and survey results - monthly data,M,Monthly,BS-FS-LY,Financial situation over the last 12 months,SA,"Seasonally adjusted data, not calendar adjusted data",BAL,Balance,EA20,Euro area – 20 countries (2023-2025),2020-08,,-8.6,,,,,
dataflow,ESTAT:EI_BSCO_M(1.0),Consumers confidence indicator and survey results - monthly data,M,Monthly,BS-FS-LY,Financial situation over the last 12 months,SA,"Seasonally adjusted data, not calendar adjusted data",BAL,Balance,EA20,Euro area – 20 countries (2023-2025),2020-09,,-10.1,,,,,
dataflow,ESTAT:EI_BSCO_M(1.0),Consumers confidence indicator and survey results - monthly data,M,Monthly,BS-FS-NY,Financial situation over the next 12 months,NSA,Unadjusted data (i.e. neither seasonally adjusted nor calendar adjusted data),BAL,Balance,EA20,Euro area – 20 countries (2023-2025),2018-09,,1.5,,,,,
dataflow,ESTAT:EI_BSCO_M(1.0),Consumers confidence indicator and survey results - monthly data,M,Monthly,BS-FS-NY,Financial situation over the next 12 months,NSA,Unadjusted data (i.e. neither seasonally adjusted nor calendar adjusted data),BAL,Balance,EA20,Euro area – 20 countries (2023-2025),2018-10,,1.7,,,,,
dataflow,ESTAT:EI_BSCO_M(1.0),Consumers confidence indicator and survey results - monthly data,M,Monthly,BS-FS-NY,Financial situation over the next 12 months,NSA,Unadjusted data (i.e. neither seasonally adjusted nor calendar adjusted data),BAL,Balance,EA20,Euro area – 20 countries (2023-2025),2018-11,,1.6,,,,,
dataflow,ESTAT:EI_BSCO_M(1.0),Consumers confidence indicator and survey results - monthly data,M,Monthly,BS-FS-NY,Financial situation over the next 12 months,NSA,Unadjusted data (i.e. neither seasonally adjusted nor calendar adjusted data),BAL,Balance,EA20,Euro area – 20 countries (2023-2025),2018-12,,1.2,,,,,
dataflow,ESTAT:EI_BSCO_M(1.0),Consumers confidence indicator and survey results - monthly data,M,Monthly,BS-FS-NY,Financial situation over the next 12 months,NSA,Unadjusted data (i.e. neither seasonally adjusted nor calendar adjusted data),BAL,Balance,EA20,Euro area – 20 countries (2023-2025),2019-01,,3.0,,,,,
dataflow,ESTAT:EI_BSCO_M(1.0),Consumers confidence indicator and survey results - monthly data,M,Monthly,BS-FS-NY,Financial situation over the next 12 months,NSA,Unadjusted data (i.e. neither seasonally adjusted nor calendar adjusted data),BAL,Balance,EA20,Euro area – 20 countries (2023-2025),2019-02,,3.3,,,,,
dataflow,ESTAT:EI_BSCO_M(1.0),Consumers confidence indicator and survey results - monthly data,M,Monthly,BS-FS-NY,Financial situation over the next 12 months,NSA,Unadjusted data (i.e. neither seasonally adjusted nor calendar adjusted data),BAL,Balance,EA20,Euro area – 20 countries (2023-2025),2019-03,,3.4,,,,,
dataflow,ESTAT:EI_BSCO_M(1.0),Consumers confidence indicator and survey results - monthly data,M,Monthly,BS-FS-NY,Financial situation over the next 12 months,NSA,Unadjusted data (i.e. neither seasonally adjusted nor calendar adjusted data),BAL,Balance,EA20,Euro area – 20 countries (2023-2025),2019-04,,3.3,,,,,
dataflow,ESTAT:EI_BSCO_M(1.0),Consumers confidence indicator and survey results - monthly data,M,Monthly,BS-FS-NY,Financial situation over the next 12 months,NSA,Unadjusted data (i.e. neither seasonally adjusted nor calendar adjusted data),BAL,Balance,EA20,Euro area – 20 countries (2023-2025),2019-05,,4.4,,,,,
dataflow,ESTAT:EI_BSCO_M(1.0),Consumers confidence indicator and survey results - monthly data,M,Monthly,BS-FS-NY,Financial situation over the next 12 months,NSA,Unadjusted data (i.e. neither seasonally adjusted nor calendar adjusted data),BAL,Balance,EA20,Euro area – 20 countries (2023-2025),2019-06,,4.2,,,,,
dataflow,ESTAT:EI_BSCO_M(1.0),Consumers confidence indicator and survey results - monthly data,M,Monthly,BS-FS-NY,Financial situation over the next 12 months,NSA,Unadjusted data (i.e. neither seasonally adjusted nor calendar adjusted data),BAL,Balance,EA20,Euro area – 20 countries (2023-2025),2019-07,,3.8,,,,,
dataflow,ESTAT:EI_BSCO_M(1.0),Consumers confidence indicator and survey results - monthly data,M,Monthly,BS-FS-NY,Financial situation over the next 12 months,NSA,Unadjusted data (i.e. neither seasonally adjusted nor calendar adjusted data),BAL,Balance,EA20,Euro area – 20 countries (2023-2025),2019-08,,4.2,,,,,
dataflow,ESTAT:EI_BSCO_M(1.0),Consumers confidence indicator and survey results - monthly data,M,Monthly,BS-FS-NY,Financial situation over the next 12 months,NSA,Unadjusted data (i.e. neither seasonally adjusted nor calendar adjusted data),BAL,Balance,EA20,Euro area – 20 countries (2023-2025),2019-09,,3.8,,,,,
dataflow,ESTAT:EI_BSCO_M(1.0),Consumers confidence indicator and survey results - monthly data,M,Monthly,BS-FS-NY,Financial situation over the next 12 months,NSA,Unadjusted data (i.e. neither seasonally adjusted nor calendar adjusted data),BAL,Balance,EA20,Euro area – 20 countries (2023-2025),2019-10,,2.3,,,,,
dataflow,ESTAT:EI_BSCO_M(1.0),Consumers confidence indicator and survey results - monthly data,M,Monthly,BS-FS-NY,Financial situation over the next 12 months,NSA,Unadjusted data (i.e. neither seasonally adjusted nor calendar adjusted data),BAL,Balance,EA20,Euro area – 20 countries (2023-2025),2019-11,,3.0,,,,,
dataflow,ESTAT:EI_BSCO_M(1.0),Consumers confidence indicator and survey results - monthly data,M,Monthly,BS-FS-NY,Financial situation over the next 12 months,NSA,Unadjusted data (i.e. neither seasonally adjusted nor calendar adjusted data),BAL,Balance,EA20,Euro area – 20 countries (2023-2025),2019-12,,2.0,,,,,
dataflow,ESTAT:EI_BSCO_M(1.0),Consumers confidence indicator and survey results - monthly data,M,Monthly,BS-FS-NY,Financial situation over the next 12 months,NSA,Unadjusted data (i.e. neither seasonally adjusted nor calendar adjusted data),BAL,Balance,EA20,Euro area – 20 countries (2023-2025),2020-01,,3.1,,,,,
dataflow,ESTAT:EI_BSCO_M(1.0),Consumers confidence indicator and survey results - monthly data,M,Monthly,BS-FS-NY,Financial situation over the next 12 months,NSA,Unadjusted data (i.e. neither seasonally adjusted nor calendar adjusted data),BAL,Balance,EA20,Euro area – 20 countries (2023-2025),2020-02,,3.1,,,,,
dataflow,ESTAT:EI_BSCO_M(1.0),Consumers confidence indicator and survey results - monthly data,M,Monthly,BS-FS-NY,Financial situation over the next 12 months,NSA,Unadjusted data (i.e. neither seasonally adjusted nor calendar adjusted data),BAL,Balance,EA20,Euro area – 20 countries (2023-2025),2020-03,,0.2,,,,,
dataflow,ESTAT:EI_BSCO_M(1.0),Consumers confidence indicator and survey results - monthly data,M,Monthly,BS-FS-NY,Financial situation over the next 12 months,NSA,Unadjusted data (i.e. neither seasonally adjusted nor calendar adjusted data),BAL,Balance,EA20,Euro area – 20 countries (2023-2025),2020-04,,-12.4,,,,,
dataflow,ESTAT:EI_BSCO_M(1.0),Consumers confidence indicator and survey results - monthly data,M,Monthly,BS-FS-NY,Financial situation over the next 12 months,NSA,Unadjusted data (i.e. neither seasonally adjusted nor calendar adjusted data),BAL,Balance,EA20,Euro area – 20 countries (2023-2025),2020-05,,-6.8,,,,,
dataflow,ESTAT:EI_BSCO_M(1.0),Consumers confidence indicator and survey results - monthly data,M,Monthly,BS-FS-NY,Financial situation over the next 12 months,NSA,Unadjusted data (i.e. neither seasonally adjusted nor calendar adjusted data),BAL,Balance,EA20,Euro area – 20 countries (2023-2025),2020-06,,-1.4,,,,,
dataflow,ESTAT:EI_BSCO_M(1.0),Consumers confidence indicator and survey results - monthly data,M,Monthly,BS-FS-NY,Financial situation over the next 12 months,NSA,Unadjusted data (i.e. neither seasonally adjusted nor calendar adjusted data),BAL,Balance,EA20,Euro area – 20 countries (2023-2025),2020-07,,-1.2,,,,,
dataflow,ESTAT:EI_BSCO_M(1.0),Consumers confidence indicator and survey results - monthly data,M,Monthly,BS-FS-NY,Financial situation over the next 12 months,NSA,Unadjusted data (i.e. neither seasonally adjusted nor calendar adjusted data),BAL,Balance,EA20,Euro area – 20 countries (2023-2025),2020-08,,-1.1,,,,,
dataflow,ESTAT:EI_BSCO_M(1.0),Consumers confidence indicator and survey results - monthly data,M,Monthly,BS-FS-NY,Financial situation over the next 12 months,NSA,Unadjusted data (i.e. neither seasonally adjusted nor calendar adjusted data),BAL,Balance,EA20,Euro area – 20 countries (2023-2025),2020-09,,-1.1,,,,,
dataflow,ESTAT:EI_BSCO_M(1.0),Consumers confidence indicator and survey results - monthly data,M,Monthly,BS-FS-NY,Financial situation over the next 12 months,SA,"Seasonally adjusted data, not calendar adjusted data",BAL,Balance,EA20,Euro area – 20 countries (2023-2025),2018-09,,1.5,,,,,
dataflow,ESTAT:EI_BSCO_M(1.0),Consumers confidence indicator and survey results - monthly data,M,Monthly,BS-FS-NY,Financial situation over the next 12 months,SA,"Seasonally adjusted data, not calendar adjusted data",BAL,Balance,EA20,Euro area – 20 countries (2023-2025),2018-10,,2.5,,,,,
dataflow,ESTAT:EI_BSCO_M(1.0),Consumers confidence indicator and survey results - monthly data,M,Monthly,BS-FS-NY,Financial situation over the next 12 months,SA,"Seasonally adjusted data, not calendar adjusted data",BAL,Balance,EA20,Euro area – 20 countries (2023-2025),2018-11,,2.5,,,,,
dataflow,ESTAT:EI_BSCO_M(1.0),Consumers confidence indicator and survey results - monthly data,M,Monthly,BS-FS-NY,Financial situation over the next 12 months,SA,"Seasonally adjusted data, not calendar adjusted data",BAL,Balance,EA20,Euro area – 20 countries (2023-2025),2018-12,,2.0,,,,,
dataflow,ESTAT:EI_BSCO_M(1.0),Consumers confidence indicator and survey results - monthly data,M,Monthly,BS-FS-NY,Financial situation over the next 12 months,SA,"Seasonally adjusted data, not calendar adjusted data",BAL,Balance,EA20,Euro area – 20 countries (2023-2025),2019-01,,3.1,,,,,
dataflow,ESTAT:EI_BSCO_M(1.0),Consumers confidence indicator and survey results - monthly data,M,Monthly,BS-FS-NY,Financial situation over the next 12 months,SA,"Seasonally adjusted data, not calendar adjusted data",BAL,Balance,EA20,Euro area – 20 countries (2023-2025),2019-02,,3.4,,,,,
dataflow,ESTAT:EI_BSCO_M(1.0),Consumers confidence indicator and survey results - monthly data,M,Monthly,BS-FS-NY,Financial situation over the next 12 months,SA,"Seasonally adjusted data, not calendar adjusted data",BAL,Balance,EA20,Euro area – 20 countries (2023-2025),2019-03,,3.6,,,,,
dataflow,ESTAT:EI_BSCO_M(1.0),Consumers confidence indicator and survey results - monthly data,M,Monthly,BS-FS-NY,Financial situation over the next 12 months,SA,"Seasonally adjusted data, not calendar adjusted data",BAL,Balance,EA20,Euro area – 20 countries (2023-2025),2019-04,,3.1,,,,,
dataflow,ESTAT:EI_BSCO_M(1.0),Consumers confidence indicator and survey results - monthly data,M,Monthly,BS-FS-NY,Financial situation over the next 12 months,SA,"Seasonally adjusted data, not calendar adjusted data",BAL,Balance,EA20,Euro area – 20 countries (2023-2025),2019-05,,3.7,,,,,
dataflow,ESTAT:EI_BSCO_M(1.0),Consumers confidence indicator and survey results - monthly data,M,Monthly,BS-FS-NY,Financial situation over the next 12 months,SA,"Seasonally adjusted data, not calendar adjusted data",BAL,Balance,EA20,Euro area – 20 countries (2023-2025),2019-06,,3.3,,,,,
dataflow,ESTAT:EI_BSCO_M(1.0),Consumers confidence indicator and survey results - monthly data,M,Monthly,BS-FS-NY,Financial situation over the next 12 months,SA,"Seasonally adjusted data, not calendar adjusted data",BAL,Balance,EA20,Euro area – 20 countries (2023-2025),2019-07,,3.0,,,,,
dataflow,ESTAT:EI_BSCO_M(1.0),Consumers confidence indicator and survey results - monthly data,M,Monthly,BS-FS-NY,Financial situation over the next 12 months,SA,"Seasonally adjusted data, not calendar adjusted data",BAL,Balance,EA20,Euro area – 20 countries (2023-2025),2019-08,,3.8,,,,,
dataflow,ESTAT:EI_BSCO_M(1.0),Consumers confidence indicator and survey results - monthly data,M,Monthly,BS-FS-NY,Financial situation over the next 12 months,SA,"Seasonally adjusted data, not calendar adjusted data",BAL,Balance,EA20,Euro area – 20 countries (2023-2025),2019-09,,3.8,,,,,
dataflow,ESTAT:EI_BSCO_M(1.0),Consumers confidence indicator and survey results - monthly data,M,Monthly,BS-FS-NY,Financial situation over the next 12 months,SA,"Seasonally adjusted data, not calendar adjusted data",BAL,Balance,EA20,Euro area – 20 countries (2023-2025),2019-10,,3.1,,,,,
dataflow,ESTAT:EI_BSCO_M(1.0),Consumers confidence indicator and survey results - monthly data,M,Monthly,BS-FS-NY,Financial situation over the next 12 months,SA,"Seasonally adjusted data, not calendar adjusted data",BAL,Balance,EA20,Euro area – 20 countries (2023-2025),2019-11,,3.9,,,,,
dataflow,ESTAT:EI_BSCO_M(1.0),Consumers confidence indicator and survey results - monthly data,M,Monthly,BS-FS-NY,Financial situation over the next 12 months,SA,"Seasonally adjusted data, not calendar adjusted data",BAL,Balance,EA20,Euro area – 20 countries (2023-2025),2019-12,,2.9,,,,,
dataflow,ESTAT:EI_BSCO_M(1.0),Consumers confidence indicator and survey results - monthly data,M,Monthly,BS-FS-NY,Financial situation over the next 12 months,SA,"Seasonally adjusted data, not calendar adjusted data",BAL,Balance,EA20,Euro area – 20 countries (2023-2025),2020-01,,3.2,,,,,
dataflow,ESTAT:EI_BSCO_M(1.0),Consumers confidence indicator and survey results - monthly data,M,Monthly,BS-FS-NY,Financial situation over the next 12 months,SA,"Seasonally adjusted data, not calendar adjusted data",BAL,Balance,EA20,Euro area – 20 countries (2023-2025),2020-02,,3.2,,,,,
dataflow,ESTAT:EI_BSCO_M(1.0),Consumers confidence indicator and survey results - monthly data,M,Monthly,BS-FS-NY,Financial situation over the next 12 months,SA,"Seasonally adjusted data, not calendar adjusted data",BAL,Balance,EA20,Euro area – 20 countries (2023-2025),2020-03,,0.5,,,,,
dataflow,ESTAT:EI_BSCO_M(1.0),Consumers confidence indicator and survey results - monthly data,M,Monthly,BS-FS-NY,Financial situation over the next 12 months,SA,"Seasonally adjusted data, not calendar adjusted data",BAL,Balance,EA20,Euro area – 20 countries (2023-2025),2020-04,,-12.6,,,,,
dataflow,ESTAT:EI_BSCO_M(1.0),Consumers confidence indicator and survey results - monthly data,M,Monthly,BS-FS-NY,Financial situation over the next 12 months,SA,"Seasonally adjusted data, not calendar adjusted data",BAL,Balance,EA20,Euro area – 20 countries (2023-2025),2020-05,,-7.5,,,,,
dataflow,ESTAT:EI_BSCO_M(1.0),Consumers confidence indicator and survey results - monthly data,M,Monthly,BS-FS-NY,Financial situation over the next 12 months,SA,"Seasonally adjusted data, not calendar adjusted data",BAL,Balance,EA20,Euro area – 20 countries (2023-2025),2020-06,,-2.4,,,,,
dataflow,ESTAT:EI_BSCO_M(1.0),Consumers confidence indicator and survey results - monthly data,M,Monthly,BS-FS-NY,Financial situation over the next 12 months,SA,"Seasonally adjusted data, not calendar adjusted data",BAL,Balance,EA20,Euro area – 20 countries (2023-2025),2020-07,,-1.9,,,,,
dataflow,ESTAT:EI_BSCO_M(1.0),Consumers confidence indicator and survey results - monthly data,M,Monthly,BS-FS-NY,Financial situation over the next 12 months,SA,"Seasonally adjusted data, not calendar adjusted data",BAL,Balance,EA20,Euro area – 20 countries (2023-2025),2020-08,,-1.5,,,,,
dataflow,ESTAT:EI_BSCO_M(1.0),Consumers confidence indicator and survey results - monthly data,M,Monthly,BS-FS-NY,Financial situation over the next 12 months,SA,"Seasonally adjusted data, not calendar adjusted data",BAL,Balance,EA20,Euro area – 20 countries (2023-2025),2020-09,,-1.0,,,,,
dataflow,ESTAT:EI_BSCO_M(1.0),Consumers confidence indicator and survey results - monthly data,M,Monthly,BS-GES-LY,General economic situation over the last 12 months,NSA,Unadjusted data (i.e. neither seasonally adjusted nor calendar adjusted data),BAL,Balance,EA20,Euro area – 20 countries (2023-2025),2018-09,,-7.2,,,,,
dataflow,ESTAT:EI_BSCO_M(1.0),Consumers confidence indicator and survey results - monthly data,M,Monthly,BS-GES-LY,General economic situation over the last 12 months,NSA,Unadjusted data (i.e. neither seasonally adjusted nor calendar adjusted data),BAL,Balance,EA20,Euro area – 20 countries (2023-2025),2018-10,,-9.3,,,,,
dataflow,ESTAT:EI_BSCO_M(1.0),Consumers confidence indicator and survey results - monthly data,M,Monthly,BS-GES-LY,General economic situation over the last 12 months,NSA,Unadjusted data (i.e. neither seasonally adjusted nor calendar adjusted data),BAL,Balance,EA20,Euro area – 20 countries (2023-2025),2018-11,,-13.2,,,,,
dataflow,ESTAT:EI_BSCO_M(1.0),Consumers confidence indicator and survey results - monthly data,M,Monthly,BS-GES-LY,General economic situation over the last 12 months,NSA,Unadjusted data (i.e. neither seasonally adjusted nor calendar adjusted data),BAL,Balance,EA20,Euro area – 20 countries (2023-2025),2018-12,,-18.0,,,,,
dataflow,ESTAT:EI_BSCO_M(1.0),Consumers confidence indicator and survey results - monthly data,M,Monthly,BS-GES-LY,General economic situation over the last 12 months,NSA,Unadjusted data (i.e. neither seasonally adjusted nor calendar adjusted data),BAL,Balance,EA20,Euro area – 20 countries (2023-2025),2019-01,,-14.2,,,,,
dataflow,ESTAT:EI_BSCO_M(1.0),Consumers confidence indicator and survey results - monthly data,M,Monthly,BS-GES-LY,General economic situation over the last 12 months,NSA,Unadjusted data (i.e. neither seasonally adjusted nor calendar adjusted data),BAL,Balance,EA20,Euro area – 20 countries (2023-2025),2019-02,,-15.9,,,,,
dataflow,ESTAT:EI_BSCO_M(1.0),Consumers confidence indicator and survey results - monthly data,M,Monthly,BS-GES-LY,General economic situation over the last 12 months,NSA,Unadjusted data (i.e. neither seasonally adjusted nor calendar adjusted data),BAL,Balance,EA20,Euro area – 20 countries (2023-2025),2019-03,,-15.1,,,,,
dataflow,ESTAT:EI_BSCO_M(1.0),Consumers confidence indicator and survey results - monthly data,M,Monthly,BS-GES-LY,General economic situation over the last 12 months,NSA,Unadjusted data (i.e. neither seasonally adjusted nor calendar adjusted data),BAL,Balance,EA20,Euro area – 20 countries (2023-2025),2019-04,,-16.6,,,,,
dataflow,ESTAT:EI_BSCO_M(1.0),Consumers confidence indicator and survey results - monthly data,M,Monthly,BS-GES-LY,General economic situation over the last 12 months,NSA,Unadjusted data (i.e. neither seasonally adjusted nor calendar adjusted data),BAL,Balance,EA20,Euro area – 20 countries (2023-2025),2019-05,,-13.5,,,,,
dataflow,ESTAT:EI_BSCO_M(1.0),Consumers confidence indicator and survey results - monthly data,M,Monthly,BS-GES-LY,General economic situation over the last 12 months,NSA,Unadjusted data (i.e. neither seasonally adjusted nor calendar adjusted data),BAL,Balance,EA20,Euro area – 20 countries (2023-2025),2019-06,,-12.2,,,,,
dataflow,ESTAT:EI_BSCO_M(1.0),Consumers confidence indicator and survey results - monthly data,M,Monthly,BS-GES-LY,General economic situation over the last 12 months,NSA,Unadjusted data (i.e. neither seasonally adjusted nor calendar adjusted data),BAL,Balance,EA20,Euro area – 20 countries (2023-2025),2019-07,,-11.8,,,,,
dataflow,ESTAT:EI_BSCO_M(1.0),Consumers confidence indicator and survey results - monthly data,M,Monthly,BS-GES-LY,General economic situation over the last 12 months,NSA,Unadjusted data (i.e. neither seasonally adjusted nor calendar adjusted data),BAL,Balance,EA20,Euro area – 20 countries (2023-2025),2019-08,,-15.4,,,,,
dataflow,ESTAT:EI_BSCO_M(1.0),Consumers confidence indicator and survey results - monthly data,M,Monthly,BS-GES-LY,General economic situation over the last 12 months,NSA,Unadjusted data (i.e. neither seasonally adjusted nor calendar adjusted data),BAL,Balance,EA20,Euro area – 20 countries (2023-2025),2019-09,,-15.2,,,,,
dataflow,ESTAT:EI_BSCO_M(1.0),Consumers confidence indicator and survey results - monthly data,M,Monthly,BS-GES-LY,General economic situation over the last 12 months,NSA,Unadjusted data (i.e. neither seasonally adjusted nor calendar adjusted data),BAL,Balance,EA20,Euro area – 20 countries (2023-2025),2019-10,,-17.9,,,,,
dataflow,ESTAT:EI_BSCO_M(1.0),Consumers confidence indicator and survey results - monthly data,M,Monthly,BS-GES-LY,General economic situation over the last 12 months,NSA,Unadjusted data (i.e. neither seasonally adjusted nor calendar adjusted data),BAL,Balance,EA20,Euro area – 20 countries (2023-2025),2019-11,,-18.7,,,,,
dataflow,ESTAT:EI_BSCO_M(1.0),Consumers confidence indicator and survey results - monthly data,M,Monthly,BS-GES-LY,General economic situation over the last 12 months,NSA,Unadjusted data (i.e. neither seasonally adjusted nor calendar adjusted data),BAL,Balance,EA20,Euro area – 20 countries (2023-2025),2019-12,,-20.0,,,,,
dataflow,ESTAT:EI_BSCO_M(1.0),Consumers confidence indicator and survey results - monthly data,M,Monthly,BS-GES-LY,General economic situation over the last 12 months,NSA,Unadjusted data (i.e. neither seasonally adjusted nor calendar adjusted data),BAL,Balance,EA20,Euro area – 20 countries (2023-2025),2020-01,,-17.9,,,,,
dataflow,ESTAT:EI_BSCO_M(1.0),Consumers confidence indicator and survey results - monthly data,M,Monthly,BS-GES-LY,General economic situation over the last 12 months,NSA,Unadjusted data (i.e. neither seasonally adjusted nor calendar adjusted data),BAL,Balance,EA20,Euro area – 20 countries (2023-2025),2020-02,,-16.3,,,,,
dataflow,ESTAT:EI_BSCO_M(1.0),Consumers confidence indicator and survey results - monthly data,M,Monthly,BS-GES-LY,General economic situation over the last 12 months,NSA,Unadjusted data (i.e. neither seasonally adjusted nor calendar adjusted data),BAL,Balance,EA20,Euro area – 20 countries (2023-2025),2020-03,,-20.1,,,,,
dataflow,ESTAT:EI_BSCO_M(1.0),Consumers confidence indicator and survey results - monthly data,M,Monthly,BS-GES-LY,General economic situation over the last 12 months,NSA,Unadjusted data (i.e. neither seasonally adjusted nor calendar adjusted data),BAL,Balance,EA20,Euro area – 20 countries (2023-2025),2020-04,,-29.9,,,,,
dataflow,ESTAT:EI_BSCO_M(1.0),Consumers confidence indicator and survey results - monthly data,M,Monthly,BS-GES-LY,General economic situation over the last 12 months,NSA,Unadjusted data (i.e. neither seasonally adjusted nor calendar adjusted data),BAL,Balance,EA20,Euro area – 20 countries (2023-2025),2020-05,,-52.6,,,,,
dataflow,ESTAT:EI_BSCO_M(1.0),Consumers confidence indicator and survey results - monthly data,M,Monthly,BS-GES-LY,General economic situation over the last 12 months,NSA,Unadjusted data (i.e. neither seasonally adjusted nor calendar adjusted data),BAL,Balance,EA20,Euro area – 20 countries (2023-2025),2020-06,,-57.3,,,,,
dataflow,ESTAT:EI_BSCO_M(1.0),Consumers confidence indicator and survey results - monthly data,M,Monthly,BS-GES-LY,General economic situation over the last 12 months,NSA,Unadjusted data (i.e. neither seasonally adjusted nor calendar adjusted data),BAL,Balance,EA20,Euro area – 20 countries (2023-2025),2020-07,,-59.0,,,,,
dataflow,ESTAT:EI_BSCO_M(1.0),Consumers confidence indicator and survey results - monthly data,M,Monthly,BS-GES-LY,General economic situation over the last 12 months,NSA,Unadjusted data (i.e. neither seasonally adjusted nor calendar adjusted data),BAL,Balance,EA20,Euro area – 20 countries (2023-2025),2020-08,,-60.4,,,,,
dataflow,ESTAT:EI_BSCO_M(1.0),Consumers confidence indicator and survey results - monthly data,M,Monthly,BS-GES-LY,General economic situation over the last 12 months,NSA,Unadjusted data (i.e. neither seasonally adjusted nor calendar adjusted data),BAL,Balance,EA20,Euro area – 20 countries (2023-2025),2020-09,,-59.7,,,,,
dataflow,ESTAT:EI_BSCO_M(1.0),Consumers confidence indicator and survey results - monthly data,M,Monthly,BS-GES-LY,General economic situation over the last 12 months,SA,"Seasonally adjusted data, not calendar adjusted data",BAL,Balance,EA20,Euro area – 20 countries (2023-2025),2018-09,,-8.8,,,,,
dataflow,ESTAT:EI_BSCO_M(1.0),Consumers confidence indicator and survey results - monthly data,M,Monthly,BS-GES-LY,General economic situation over the last 12 months,SA,"Seasonally adjusted data, not calendar adjusted data",BAL,Balance,EA20,Euro area – 20 countries (2023-2025),2018-10,,-8.8,,,,,
dataflow,ESTAT:EI_BSCO_M(1.0),Consumers confidence indicator and survey results - monthly data,M,Monthly,BS-GES-LY,General economic situation over the last 12 months,SA,"Seasonally adjusted data, not calendar adjusted data",BAL,Balance,EA20,Euro area – 20 countries (2023-2025),2018-11,,-11.9,,,,,
dataflow,ESTAT:EI_BSCO_M(1.0),Consumers confidence indicator and survey results - monthly data,M,Monthly,BS-GES-LY,General economic situation over the last 12 months,SA,"Seasonally adjusted data, not calendar adjusted data",BAL,Balance,EA20,Euro area – 20 countries (2023-2025),2018-12,,-16.4,,,,,
dataflow,ESTAT:EI_BSCO_M(1.0),Consumers confidence indicator and survey results - monthly data,M,Monthly,BS-GES-LY,General economic situation over the last 12 months,SA,"Seasonally adjusted data, not calendar adjusted data",BAL,Balance,EA20,Euro area – 20 countries (2023-2025),2019-01,,-14.6,,,,,
dataflow,ESTAT:EI_BSCO_M(1.0),Consumers confidence indicator and survey results - monthly data,M,Monthly,BS-GES-LY,General economic situation over the last 12 months,SA,"Seasonally adjusted data, not calendar adjusted data",BAL,Balance,EA20,Euro area – 20 countries (2023-2025),2019-02,,-14.9,,,,,
dataflow,ESTAT:EI_BSCO_M(1.0),Consumers confidence indicator and survey results - monthly data,M,Monthly,BS-GES-LY,General economic situation over the last 12 months,SA,"Seasonally adjusted data, not calendar adjusted data",BAL,Balance,EA20,Euro area – 20 countries (2023-2025),2019-03,,-13.7,,,,,
dataflow,ESTAT:EI_BSCO_M(1.0),Consumers confidence indicator and survey results - monthly data,M,Monthly,BS-GES-LY,General economic situation over the last 12 months,SA,"Seasonally adjusted data, not calendar adjusted data",BAL,Balance,EA20,Euro area – 20 countries (2023-2025),2019-04,,-16.0,,,,,
dataflow,ESTAT:EI_BSCO_M(1.0),Consumers confidence indicator and survey results - monthly data,M,Monthly,BS-GES-LY,General economic situation over the last 12 months,SA,"Seasonally adjusted data, not calendar adjusted data",BAL,Balance,EA20,Euro area – 20 countries (2023-2025),2019-05,,-13.9,,,,,
dataflow,ESTAT:EI_BSCO_M(1.0),Consumers confidence indicator and survey results - monthly data,M,Monthly,BS-GES-LY,General economic situation over the last 12 months,SA,"Seasonally adjusted data, not calendar adjusted data",BAL,Balance,EA20,Euro area – 20 countries (2023-2025),2019-06,,-13.2,,,,,
dataflow,ESTAT:EI_BSCO_M(1.0),Consumers confidence indicator and survey results - monthly data,M,Monthly,BS-GES-LY,General economic situation over the last 12 months,SA,"Seasonally adjusted data, not calendar adjusted data",BAL,Balance,EA20,Euro area – 20 countries (2023-2025),2019-07,,-13.3,,,,,
dataflow,ESTAT:EI_BSCO_M(1.0),Consumers confidence indicator and survey results - monthly data,M,Monthly,BS-GES-LY,General economic situation over the last 12 months,SA,"Seasonally adjusted data, not calendar adjusted data",BAL,Balance,EA20,Euro area – 20 countries (2023-2025),2019-08,,-16.9,,,,,
dataflow,ESTAT:EI_BSCO_M(1.0),Consumers confidence indicator and survey results - monthly data,M,Monthly,BS-GES-LY,General economic situation over the last 12 months,SA,"Seasonally adjusted data, not calendar adjusted data",BAL,Balance,EA20,Euro area – 20 countries (2023-2025),2019-09,,-16.7,,,,,
dataflow,ESTAT:EI_BSCO_M(1.0),Consumers confidence indicator and survey results - monthly data,M,Monthly,BS-GES-LY,General economic situation over the last 12 months,SA,"Seasonally adjusted data, not calendar adjusted data",BAL,Balance,EA20,Euro area – 20 countries (2023-2025),2019-10,,-17.4,,,,,
dataflow,ESTAT:EI_BSCO_M(1.0),Consumers confidence indicator and survey results - monthly data,M,Monthly,BS-GES-LY,General economic situation over the last 12 months,SA,"Seasonally adjusted data, not calendar adjusted data",BAL,Balance,EA20,Euro area – 20 countries (2023-2025),2019-11,,-17.4,,,,,
dataflow,ESTAT:EI_BSCO_M(1.0),Consumers confidence indicator and survey results - monthly data,M,Monthly,BS-GES-LY,General economic situation over the last 12 months,SA,"Seasonally adjusted data, not calendar adjusted data",BAL,Balance,EA20,Euro area – 20 countries (2023-2025),2019-12,,-18.4,,,,,
dataflow,ESTAT:EI_BSCO_M(1.0),Consumers confidence indicator and survey results - monthly data,M,Monthly,BS-GES-LY,General economic situation over the last 12 months,SA,"Seasonally adjusted data, not calendar adjusted data",BAL,Balance,EA20,Euro area – 20 countries (2023-2025),2020-01,,-18.2,,,,,
dataflow,ESTAT:EI_BSCO_M(1.0),Consumers confidence indicator and survey results - monthly data,M,Monthly,BS-GES-LY,General economic situation over the last 12 months,SA,"Seasonally adjusted data, not calendar adjusted data",BAL,Balance,EA20,Euro area – 20 countries (2023-2025),2020-02,,-15.3,,,,,
dataflow,ESTAT:EI_BSCO_M(1.0),Consumers confidence indicator and survey results - monthly data,M,Monthly,BS-GES-LY,General economic situation over the last 12 months,SA,"Seasonally adjusted data, not calendar adjusted data",BAL,Balance,EA20,Euro area – 20 countries (2023-2025),2020-03,,-18.7,,,,,
dataflow,ESTAT:EI_BSCO_M(1.0),Consumers confidence indicator and survey results - monthly data,M,Monthly,BS-GES-LY,General economic situation over the last 12 months,SA,"Seasonally adjusted data, not calendar adjusted data",BAL,Balance,EA20,Euro area – 20 countries (2023-2025),2020-04,,-29.3,,,,,
dataflow,ESTAT:EI_BSCO_M(1.0),Consumers confidence indicator and survey results - monthly data,M,Monthly,BS-GES-LY,General economic situation over the last 12 months,SA,"Seasonally adjusted data, not calendar adjusted data",BAL,Balance,EA20,Euro area – 20 countries (2023-2025),2020-05,,-53.1,,,,,
dataflow,ESTAT:EI_BSCO_M(1.0),Consumers confidence indicator and survey results - monthly data,M,Monthly,BS-GES-LY,General economic situation over the last 12 months,SA,"Seasonally adjusted data, not calendar adjusted data",BAL,Balance,EA20,Euro area – 20 countries (2023-2025),2020-06,,-58.3,,,,,
dataflow,ESTAT:EI_BSCO_M(1.0),Consumers confidence indicator and survey results - monthly data,M,Monthly,BS-GES-LY,General economic situation over the last 12 months,SA,"Seasonally adjusted data, not calendar adjusted data",BAL,Balance,EA20,Euro area – 20 countries (2023-2025),2020-07,,-60.5,,,,,
dataflow,ESTAT:EI_BSCO_M(1.0),Consumers confidence indicator and survey results - monthly data,M,Monthly,BS-GES-LY,General economic situation over the last 12 months,SA,"Seasonally adjusted data, not calendar adjusted data",BAL,Balance,EA20,Euro area – 20 countries (2023-2025),2020-08,,-61.9,,,,,
dataflow,ESTAT:EI_BSCO_M(1.0),Consumers confidence indicator and survey results - monthly data,M,Monthly,BS-GES-LY,General economic situation over the last 12 months,SA,"Seasonally adjusted data, not calendar adjusted data",BAL,Balance,EA20,Euro area – 20 countries (2023-2025),2020-09,,-61.2,,,,,
dataflow,ESTAT:EI_BSCO_M(1.0),Consumers confidence indicator and survey results - monthly data,M,Monthly,BS-GES-NY,General economic situation over the next 12 months,NSA,Unadjusted data (i.e. neither seasonally adjusted nor calendar adjusted data),BAL,Balance,EA20,Euro area – 20 countries (2023-2025),2018-09,,-6.3,,,,,
dataflow,ESTAT:EI_BSCO_M(1.0),Consumers confidence indicator and survey results - monthly data,M,Monthly,BS-GES-NY,General economic situation over the next 12 months,NSA,Unadjusted data (i.e. neither seasonally adjusted nor calendar adjusted data),BAL,Balance,EA20,Euro area – 20 countries (2023-2025),2018-10,,-8.5,,,,,
dataflow,ESTAT:EI_BSCO_M(1.0),Consumers confidence indicator and survey results - monthly data,M,Monthly,BS-GES-NY,General economic situation over the next 12 months,NSA,Unadjusted data (i.e. neither seasonally adjusted nor calendar adjusted data),BAL,Balance,EA20,Euro area – 20 countries (2023-2025),2018-11,,-10.6,,,,,
dataflow,ESTAT:EI_BSCO_M(1.0),Consumers confidence indicator and survey results - monthly data,M,Monthly,BS-GES-NY,General economic situation over the next 12 months,NSA,Unadjusted data (i.e. neither seasonally adjusted nor calendar adjusted data),BAL,Balance,EA20,Euro area – 20 countries (2023-2025),2018-12,,-13.6,,,,,
dataflow,ESTAT:EI_BSCO_M(1.0),Consumers confidence indicator and survey results - monthly data,M,Monthly,BS-GES-NY,General economic situation over the next 12 months,NSA,Unadjusted data (i.e. neither seasonally adjusted nor calendar adjusted data),BAL,Balance,EA20,Euro area – 20 countries (2023-2025),2019-01,,-10.3,,,,,
dataflow,ESTAT:EI_BSCO_M(1.0),Consumers confidence indicator and survey results - monthly data,M,Monthly,BS-GES-NY,General economic situation over the next 12 months,NSA,Unadjusted data (i.e. neither seasonally adjusted nor calendar adjusted data),BAL,Balance,EA20,Euro area – 20 countries (2023-2025),2019-02,,-11.3,,,,,
dataflow,ESTAT:EI_BSCO_M(1.0),Consumers confidence indicator and survey results - monthly data,M,Monthly,BS-GES-NY,General economic situation over the next 12 months,NSA,Unadjusted data (i.e. neither seasonally adjusted nor calendar adjusted data),BAL,Balance,EA20,Euro area – 20 countries (2023-2025),2019-03,,-9.3,,,,,
dataflow,ESTAT:EI_BSCO_M(1.0),Consumers confidence indicator and survey results - monthly data,M,Monthly,BS-GES-NY,General economic situation over the next 12 months,NSA,Unadjusted data (i.e. neither seasonally adjusted nor calendar adjusted data),BAL,Balance,EA20,Euro area – 20 countries (2023-2025),2019-04,,-11.0,,,,,
dataflow,ESTAT:EI_BSCO_M(1.0),Consumers confidence indicator and survey results - monthly data,M,Monthly,BS-GES-NY,General economic situation over the next 12 months,NSA,Unadjusted data (i.e. neither seasonally adjusted nor calendar adjusted data),BAL,Balance,EA20,Euro area – 20 countries (2023-2025),2019-05,,-8.3,,,,,
dataflow,ESTAT:EI_BSCO_M(1.0),Consumers confidence indicator and survey results - monthly data,M,Monthly,BS-GES-NY,General economic situation over the next 12 months,NSA,Unadjusted data (i.e. neither seasonally adjusted nor calendar adjusted data),BAL,Balance,EA20,Euro area – 20 countries (2023-2025),2019-06,,-8.1,,,,,
dataflow,ESTAT:EI_BSCO_M(1.0),Consumers confidence indicator and survey results - monthly data,M,Monthly,BS-GES-NY,General economic situation over the next 12 months,NSA,Unadjusted data (i.e. neither seasonally adjusted nor calendar adjusted data),BAL,Balance,EA20,Euro area – 20 countries (2023-2025),2019-07,,-8.4,,,,,
dataflow,ESTAT:EI_BSCO_M(1.0),Consumers confidence indicator and survey results - monthly data,M,Monthly,BS-GES-NY,General economic situation over the next 12 months,NSA,Unadjusted data (i.e. neither seasonally adjusted nor calendar adjusted data),BAL,Balance,EA20,Euro area – 20 countries (2023-2025),2019-08,,-13.7,,,,,
dataflow,ESTAT:EI_BSCO_M(1.0),Consumers confidence indicator and survey results - monthly data,M,Monthly,BS-GES-NY,General economic situation over the next 12 months,NSA,Unadjusted data (i.e. neither seasonally adjusted nor calendar adjusted data),BAL,Balance,EA20,Euro area – 20 countries (2023-2025),2019-09,,-12.8,,,,,
dataflow,ESTAT:EI_BSCO_M(1.0),Consumers confidence indicator and survey results - monthly data,M,Monthly,BS-GES-NY,General economic situation over the next 12 months,NSA,Unadjusted data (i.e. neither seasonally adjusted nor calendar adjusted data),BAL,Balance,EA20,Euro area – 20 countries (2023-2025),2019-10,,-16.0,,,,,
dataflow,ESTAT:EI_BSCO_M(1.0),Consumers confidence indicator and survey results - monthly data,M,Monthly,BS-GES-NY,General economic situation over the next 12 months,NSA,Unadjusted data (i.e. neither seasonally adjusted nor calendar adjusted data),BAL,Balance,EA20,Euro area – 20 countries (2023-2025),2019-11,,-14.4,,,,,
dataflow,ESTAT:EI_BSCO_M(1.0),Consumers confidence indicator and survey results - monthly data,M,Monthly,BS-GES-NY,General economic situation over the next 12 months,NSA,Unadjusted data (i.e. neither seasonally adjusted nor calendar adjusted data),BAL,Balance,EA20,Euro area – 20 countries (2023-2025),2019-12,,-16.7,,,,,
dataflow,ESTAT:EI_BSCO_M(1.0),Consumers confidence indicator and survey results - monthly data,M,Monthly,BS-GES-NY,General economic situation over the next 12 months,NSA,Unadjusted data (i.e. neither seasonally adjusted nor calendar adjusted data),BAL,Balance,EA20,Euro area – 20 countries (2023-2025),2020-01,,-14.4,,,,,
dataflow,ESTAT:EI_BSCO_M(1.0),Consumers confidence indicator and survey results - monthly data,M,Monthly,BS-GES-NY,General economic situation over the next 12 months,NSA,Unadjusted data (i.e. neither seasonally adjusted nor calendar adjusted data),BAL,Balance,EA20,Euro area – 20 countries (2023-2025),2020-02,,-12.1,,,,,
dataflow,ESTAT:EI_BSCO_M(1.0),Consumers confidence indicator and survey results - monthly data,M,Monthly,BS-GES-NY,General economic situation over the next 12 months,NSA,Unadjusted data (i.e. neither seasonally adjusted nor calendar adjusted data),BAL,Balance,EA20,Euro area – 20 countries (2023-2025),2020-03,,-30.7,,,,,
dataflow,ESTAT:EI_BSCO_M(1.0),Consumers confidence indicator and survey results - monthly data,M,Monthly,BS-GES-NY,General economic situation over the next 12 months,NSA,Unadjusted data (i.e. neither seasonally adjusted nor calendar adjusted data),BAL,Balance,EA20,Euro area – 20 countries (2023-2025),2020-04,,-57.1,,,,,
dataflow,ESTAT:EI_BSCO_M(1.0),Consumers confidence indicator and survey results - monthly data,M,Monthly,BS-GES-NY,General economic situation over the next 12 months,NSA,Unadjusted data (i.e. neither seasonally adjusted nor calendar adjusted data),BAL,Balance,EA20,Euro area – 20 countries (2023-2025),2020-05,,-41.4,,,,,
dataflow,ESTAT:EI_BSCO_M(1.0),Consumers confidence indicator and survey results - monthly data,M,Monthly,BS-GES-NY,General economic situation over the next 12 months,NSA,Unadjusted data (i.e. neither seasonally adjusted nor calendar adjusted data),BAL,Balance,EA20,Euro area – 20 countries (2023-2025),2020-06,,-23.7,,,,,
dataflow,ESTAT:EI_BSCO_M(1.0),Consumers confidence indicator and survey results - monthly data,M,Monthly,BS-GES-NY,General economic situation over the next 12 months,NSA,Unadjusted data (i.e. neither seasonally adjusted nor calendar adjusted data),BAL,Balance,EA20,Euro area – 20 countries (2023-2025),2020-07,,-24.3,,,,,
dataflow,ESTAT:EI_BSCO_M(1.0),Consumers confidence indicator and survey results - monthly data,M,Monthly,BS-GES-NY,General economic situation over the next 12 months,NSA,Unadjusted data (i.e. neither seasonally adjusted nor calendar adjusted data),BAL,Balance,EA20,Euro area – 20 countries (2023-2025),2020-08,,-25.6,,,,,
dataflow,ESTAT:EI_BSCO_M(1.0),Consumers confidence indicator and survey results - monthly data,M,Monthly,BS-GES-NY,General economic situation over the next 12 months,NSA,Unadjusted data (i.e. neither seasonally adjusted nor calendar adjusted data),BAL,Balance,EA20,Euro area – 20 countries (2023-2025),2020-09,,-21.0,,,,,
dataflow,ESTAT:EI_BSCO_M(1.0),Consumers confidence indicator and survey results - monthly data,M,Monthly,BS-GES-NY,General economic situation over the next 12 months,SA,"Seasonally adjusted data, not calendar adjusted data",BAL,Balance,EA20,Euro area – 20 countries (2023-2025),2018-09,,-6.1,,,,,
dataflow,ESTAT:EI_BSCO_M(1.0),Consumers confidence indicator and survey results - monthly data,M,Monthly,BS-GES-NY,General economic situation over the next 12 months,SA,"Seasonally adjusted data, not calendar adjusted data",BAL,Balance,EA20,Euro area – 20 countries (2023-2025),2018-10,,-5.7,,,,,
dataflow,ESTAT:EI_BSCO_M(1.0),Consumers confidence indicator and survey results - monthly data,M,Monthly,BS-GES-NY,General economic situation over the next 12 months,SA,"Seasonally adjusted data, not calendar adjusted data",BAL,Balance,EA20,Euro area – 20 countries (2023-2025),2018-11,,-7.7,,,,,
dataflow,ESTAT:EI_BSCO_M(1.0),Consumers confidence indicator and survey results - monthly data,M,Monthly,BS-GES-NY,General economic situation over the next 12 months,SA,"Seasonally adjusted data, not calendar adjusted data",BAL,Balance,EA20,Euro area – 20 countries (2023-2025),2018-12,,-11.0,,,,,
dataflow,ESTAT:EI_BSCO_M(1.0),Consumers confidence indicator and survey results - monthly data,M,Monthly,BS-GES-NY,General economic situation over the next 12 months,SA,"Seasonally adjusted data, not calendar adjusted data",BAL,Balance,EA20,Euro area – 20 countries (2023-2025),2019-01,,-10.0,,,,,
dataflow,ESTAT:EI_BSCO_M(1.0),Consumers confidence indicator and survey results - monthly data,M,Monthly,BS-GES-NY,General economic situation over the next 12 months,SA,"Seasonally adjusted data, not calendar adjusted data",BAL,Balance,EA20,Euro area – 20 countries (2023-2025),2019-02,,-10.6,,,,,
dataflow,ESTAT:EI_BSCO_M(1.0),Consumers confidence indicator and survey results - monthly data,M,Monthly,BS-GES-NY,General economic situation over the next 12 months,SA,"Seasonally adjusted data, not calendar adjusted data",BAL,Balance,EA20,Euro area – 20 countries (2023-2025),2019-03,,-8.9,,,,,
dataflow,ESTAT:EI_BSCO_M(1.0),Consumers confidence indicator and survey results - monthly data,M,Monthly,BS-GES-NY,General economic situation over the next 12 months,SA,"Seasonally adjusted data, not calendar adjusted data",BAL,Balance,EA20,Euro area – 20 countries (2023-2025),2019-04,,-11.6,,,,,
dataflow,ESTAT:EI_BSCO_M(1.0),Consumers confidence indicator and survey results - monthly data,M,Monthly,BS-GES-NY,General economic situation over the next 12 months,SA,"Seasonally adjusted data, not calendar adjusted data",BAL,Balance,EA20,Euro area – 20 countries (2023-2025),2019-05,,-10.9,,,,,
dataflow,ESTAT:EI_BSCO_M(1.0),Consumers confidence indicator and survey results - monthly data,M,Monthly,BS-GES-NY,General economic situation over the next 12 months,SA,"Seasonally adjusted data, not calendar adjusted data",BAL,Balance,EA20,Euro area – 20 countries (2023-2025),2019-06,,-11.9,,,,,
dataflow,ESTAT:EI_BSCO_M(1.0),Consumers confidence indicator and survey results - monthly data,M,Monthly,BS-GES-NY,General economic situation over the next 12 months,SA,"Seasonally adjusted data, not calendar adjusted data",BAL,Balance,EA20,Euro area – 20 countries (2023-2025),2019-07,,-10.8,,,,,
dataflow,ESTAT:EI_BSCO_M(1.0),Consumers confidence indicator and survey results - monthly data,M,Monthly,BS-GES-NY,General economic situation over the next 12 months,SA,"Seasonally adjusted data, not calendar adjusted data",BAL,Balance,EA20,Euro area – 20 countries (2023-2025),2019-08,,-14.3,,,,,
dataflow,ESTAT:EI_BSCO_M(1.0),Consumers confidence indicator and survey results - monthly data,M,Monthly,BS-GES-NY,General economic situation over the next 12 months,SA,"Seasonally adjusted data, not calendar adjusted data",BAL,Balance,EA20,Euro area – 20 countries (2023-2025),2019-09,,-12.6,,,,,
dataflow,ESTAT:EI_BSCO_M(1.0),Consumers confidence indicator and survey results - monthly data,M,Monthly,BS-GES-NY,General economic situation over the next 12 months,SA,"Seasonally adjusted data, not calendar adjusted data",BAL,Balance,EA20,Euro area – 20 countries (2023-2025),2019-10,,-13.1,,,,,
dataflow,ESTAT:EI_BSCO_M(1.0),Consumers confidence indicator and survey results - monthly data,M,Monthly,BS-GES-NY,General economic situation over the next 12 months,SA,"Seasonally adjusted data, not calendar adjusted data",BAL,Balance,EA20,Euro area – 20 countries (2023-2025),2019-11,,-11.4,,,,,
dataflow,ESTAT:EI_BSCO_M(1.0),Consumers confidence indicator and survey results - monthly data,M,Monthly,BS-GES-NY,General economic situation over the next 12 months,SA,"Seasonally adjusted data, not calendar adjusted data",BAL,Balance,EA20,Euro area – 20 countries (2023-2025),2019-12,,-14.1,,,,,
dataflow,ESTAT:EI_BSCO_M(1.0),Consumers confidence indicator and survey results - monthly data,M,Monthly,BS-GES-NY,General economic situation over the next 12 months,SA,"Seasonally adjusted data, not calendar adjusted data",BAL,Balance,EA20,Euro area – 20 countries (2023-2025),2020-01,,-14.1,,,,,
dataflow,ESTAT:EI_BSCO_M(1.0),Consumers confidence indicator and survey results - monthly data,M,Monthly,BS-GES-NY,General economic situation over the next 12 months,SA,"Seasonally adjusted data, not calendar adjusted data",BAL,Balance,EA20,Euro area – 20 countries (2023-2025),2020-02,,-11.3,,,,,
dataflow,ESTAT:EI_BSCO_M(1.0),Consumers confidence indicator and survey results - monthly data,M,Monthly,BS-GES-NY,General economic situation over the next 12 months,SA,"Seasonally adjusted data, not calendar adjusted data",BAL,Balance,EA20,Euro area – 20 countries (2023-2025),2020-03,,-30.3,,,,,
dataflow,ESTAT:EI_BSCO_M(1.0),Consumers confidence indicator and survey results - monthly data,M,Monthly,BS-GES-NY,General economic situation over the next 12 months,SA,"Seasonally adjusted data, not calendar adjusted data",BAL,Balance,EA20,Euro area – 20 countries (2023-2025),2020-04,,-57.7,,,,,
dataflow,ESTAT:EI_BSCO_M(1.0),Consumers confidence indicator and survey results - monthly data,M,Monthly,BS-GES-NY,General economic situation over the next 12 months,SA,"Seasonally adjusted data, not calendar adjusted data",BAL,Balance,EA20,Euro area – 20 countries (2023-2025),2020-05,,-44.1,,,,,
dataflow,ESTAT:EI_BSCO_M(1.0),Consumers confidence indicator and survey results - monthly data,M,Monthly,BS-GES-NY,General economic situation over the next 12 months,SA,"Seasonally adjusted data, not calendar adjusted data",BAL,Balance,EA20,Euro area – 20 countries (2023-2025),2020-06,,-27.6,,,,,
dataflow,ESTAT:EI_BSCO_M(1.0),Consumers confidence indicator and survey results - monthly data,M,Monthly,BS-GES-NY,General economic situation over the next 12 months,SA,"Seasonally adjusted data, not calendar adjusted data",BAL,Balance,EA20,Euro area – 20 countries (2023-2025),2020-07,,-26.7,,,,,
dataflow,ESTAT:EI_BSCO_M(1.0),Consumers confidence indicator and survey results - monthly data,M,Monthly,BS-GES-NY,General economic situation over the next 12 months,SA,"Seasonally adjusted data, not calendar adjusted data",BAL,Balance,EA20,Euro area – 20 countries (2023-2025),2020-08,,-26.2,,,,,
dataflow,ESTAT:EI_BSCO_M(1.0),Consumers confidence indicator and survey results - monthly data,M,Monthly,BS-GES-NY,General economic situation over the next 12 months,SA,"Seasonally adjusted data, not calendar adjusted data",BAL,Balance,EA20,Euro area – 20 countries (2023-2025),2020-09,,-20.8,,,,,
dataflow,ESTAT:EI_BSCO_M(1.0),Consumers confidence indicator and survey results - monthly data,M,Monthly,BS-PT-LY,Price trends over the last 12 months,NSA,Unadjusted data (i.e. neither seasonally adjusted nor calendar adjusted data),BAL,Balance,EA20,Euro area – 20 countries (2023-2025),2018-09,,23.9,,,,,
dataflow,ESTAT:EI_BSCO_M(1.0),Consumers confidence indicator and survey results - monthly data,M,Monthly,BS-PT-LY,Price trends over the last 12 months,NSA,Unadjusted data (i.e. neither seasonally adjusted nor calendar adjusted data),BAL,Balance,EA20,Euro area – 20 countries (2023-2025),2018-10,,26.0,,,,,
dataflow,ESTAT:EI_BSCO_M(1.0),Consumers confidence indicator and survey results - monthly data,M,Monthly,BS-PT-LY,Price trends over the last 12 months,NSA,Unadjusted data (i.e. neither seasonally adjusted nor calendar adjusted data),BAL,Balance,EA20,Euro area – 20 countries (2023-2025),2018-11,,26.3,,,,,
dataflow,ESTAT:EI_BSCO_M(1.0),Consumers confidence indicator and survey results - monthly data,M,Monthly,BS-PT-LY,Price trends over the last 12 months,NSA,Unadjusted data (i.e. neither seasonally adjusted nor calendar adjusted data),BAL,Balance,EA20,Euro area – 20 countries (2023-2025),2018-12,,25.0,,,,,
dataflow,ESTAT:EI_BSCO_M(1.0),Consumers confidence indicator and survey results - monthly data,M,Monthly,BS-PT-LY,Price trends over the last 12 months,NSA,Unadjusted data (i.e. neither seasonally adjusted nor calendar adjusted data),BAL,Balance,EA20,Euro area – 20 countries (2023-2025),2019-01,,20.0,,,,,
dataflow,ESTAT:EI_BSCO_M(1.0),Consumers confidence indicator and survey results - monthly data,M,Monthly,BS-PT-LY,Price trends over the last 12 months,NSA,Unadjusted data (i.e. neither seasonally adjusted nor calendar adjusted data),BAL,Balance,EA20,Euro area – 20 countries (2023-2025),2019-02,,21.6,,,,,
dataflow,ESTAT:EI_BSCO_M(1.0),Consumers confidence indicator and survey results - monthly data,M,Monthly,BS-PT-LY,Price trends over the last 12 months,NSA,Unadjusted data (i.e. neither seasonally adjusted nor calendar adjusted data),BAL,Balance,EA20,Euro area – 20 countries (2023-2025),2019-03,,22.9,,,,,
dataflow,ESTAT:EI_BSCO_M(1.0),Consumers confidence indicator and survey results - monthly data,M,Monthly,BS-PT-LY,Price trends over the last 12 months,NSA,Unadjusted data (i.e. neither seasonally adjusted nor calendar adjusted data),BAL,Balance,EA20,Euro area – 20 countries (2023-2025),2019-04,,15.3,,,,,
dataflow,ESTAT:EI_BSCO_M(1.0),Consumers confidence indicator and survey results - monthly data,M,Monthly,BS-PT-LY,Price trends over the last 12 months,NSA,Unadjusted data (i.e. neither seasonally adjusted nor calendar adjusted data),BAL,Balance,EA20,Euro area – 20 countries (2023-2025),2019-05,,23.3,,,,,
dataflow,ESTAT:EI_BSCO_M(1.0),Consumers confidence indicator and survey results - monthly data,M,Monthly,BS-PT-LY,Price trends over the last 12 months,NSA,Unadjusted data (i.e. neither seasonally adjusted nor calendar adjusted data),BAL,Balance,EA20,Euro area – 20 countries (2023-2025),2019-06,,22.1,,,,,
dataflow,ESTAT:EI_BSCO_M(1.0),Consumers confidence indicator and survey results - monthly data,M,Monthly,BS-PT-LY,Price trends over the last 12 months,NSA,Unadjusted data (i.e. neither seasonally adjusted nor calendar adjusted data),BAL,Balance,EA20,Euro area – 20 countries (2023-2025),2019-07,,19.1,,,,,
dataflow,ESTAT:EI_BSCO_M(1.0),Consumers confidence indicator and survey results - monthly data,M,Monthly,BS-PT-LY,Price trends over the last 12 months,NSA,Unadjusted data (i.e. neither seasonally adjusted nor calendar adjusted data),BAL,Balance,EA20,Euro area – 20 countries (2023-2025),2019-08,,19.2,,,,,
dataflow,ESTAT:EI_BSCO_M(1.0),Consumers confidence indicator and survey results - monthly data,M,Monthly,BS-PT-LY,Price trends over the last 12 months,NSA,Unadjusted data (i.e. neither seasonally adjusted nor calendar adjusted data),BAL,Balance,EA20,Euro area – 20 countries (2023-2025),2019-09,,18.2,,,,,
dataflow,ESTAT:EI_BSCO_M(1.0),Consumers confidence indicator and survey results - monthly data,M,Monthly,BS-PT-LY,Price trends over the last 12 months,NSA,Unadjusted data (i.e. neither seasonally adjusted nor calendar adjusted data),BAL,Balance,EA20,Euro area – 20 countries (2023-2025),2019-10,,17.4,,,,,
dataflow,ESTAT:EI_BSCO_M(1.0),Consumers confidence indicator and survey results - monthly data,M,Monthly,BS-PT-LY,Price trends over the last 12 months,NSA,Unadjusted data (i.e. neither seasonally adjusted nor calendar adjusted data),BAL,Balance,EA20,Euro area – 20 countries (2023-2025),2019-11,,16.1,,,,,
dataflow,ESTAT:EI_BSCO_M(1.0),Consumers confidence indicator and survey results - monthly data,M,Monthly,BS-PT-LY,Price trends over the last 12 months,NSA,Unadjusted data (i.e. neither seasonally adjusted nor calendar adjusted data),BAL,Balance,EA20,Euro area – 20 countries (2023-2025),2019-12,,16.0,,,,,
dataflow,ESTAT:EI_BSCO_M(1.0),Consumers confidence indicator and survey results - monthly data,M,Monthly,BS-PT-LY,Price trends over the last 12 months,NSA,Unadjusted data (i.e. neither seasonally adjusted nor calendar adjusted data),BAL,Balance,EA20,Euro area – 20 countries (2023-2025),2020-01,,16.2,,,,,
dataflow,ESTAT:EI_BSCO_M(1.0),Consumers confidence indicator and survey results - monthly data,M,Monthly,BS-PT-LY,Price trends over the last 12 months,NSA,Unadjusted data (i.e. neither seasonally adjusted nor calendar adjusted data),BAL,Balance,EA20,Euro area – 20 countries (2023-2025),2020-02,,16.9,,,,,
dataflow,ESTAT:EI_BSCO_M(1.0),Consumers confidence indicator and survey results - monthly data,M,Monthly,BS-PT-LY,Price trends over the last 12 months,NSA,Unadjusted data (i.e. neither seasonally adjusted nor calendar adjusted data),BAL,Balance,EA20,Euro area – 20 countries (2023-2025),2020-03,,12.6,,,,,
dataflow,ESTAT:EI_BSCO_M(1.0),Consumers confidence indicator and survey results - monthly data,M,Monthly,BS-PT-LY,Price trends over the last 12 months,NSA,Unadjusted data (i.e. neither seasonally adjusted nor calendar adjusted data),BAL,Balance,EA20,Euro area – 20 countries (2023-2025),2020-04,,4.8,,,,,
dataflow,ESTAT:EI_BSCO_M(1.0),Consumers confidence indicator and survey results - monthly data,M,Monthly,BS-PT-LY,Price trends over the last 12 months,NSA,Unadjusted data (i.e. neither seasonally adjusted nor calendar adjusted data),BAL,Balance,EA20,Euro area – 20 countries (2023-2025),2020-05,,15.3,,,,,
dataflow,ESTAT:EI_BSCO_M(1.0),Consumers confidence indicator and survey results - monthly data,M,Monthly,BS-PT-LY,Price trends over the last 12 months,NSA,Unadjusted data (i.e. neither seasonally adjusted nor calendar adjusted data),BAL,Balance,EA20,Euro area – 20 countries (2023-2025),2020-06,,17.8,,,,,
dataflow,ESTAT:EI_BSCO_M(1.0),Consumers confidence indicator and survey results - monthly data,M,Monthly,BS-PT-LY,Price trends over the last 12 months,NSA,Unadjusted data (i.e. neither seasonally adjusted nor calendar adjusted data),BAL,Balance,EA20,Euro area – 20 countries (2023-2025),2020-07,,14.4,,,,,
dataflow,ESTAT:EI_BSCO_M(1.0),Consumers confidence indicator and survey results - monthly data,M,Monthly,BS-PT-LY,Price trends over the last 12 months,NSA,Unadjusted data (i.e. neither seasonally adjusted nor calendar adjusted data),BAL,Balance,EA20,Euro area – 20 countries (2023-2025),2020-08,,15.6,,,,,
dataflow,ESTAT:EI_BSCO_M(1.0),Consumers confidence indicator and survey results - monthly data,M,Monthly,BS-PT-LY,Price trends over the last 12 months,NSA,Unadjusted data (i.e. neither seasonally adjusted nor calendar adjusted data),BAL,Balance,EA20,Euro area – 20 countries (2023-2025),2020-09,,12.5,,,,,
dataflow,ESTAT:EI_BSCO_M(1.0),Consumers confidence indicator and survey results - monthly data,M,Monthly,BS-PT-LY,Price trends over the last 12 months,SA,"Seasonally adjusted data, not calendar adjusted data",BAL,Balance,EA20,Euro area – 20 countries (2023-2025),2018-09,,23.9,,,,,
dataflow,ESTAT:EI_BSCO_M(1.0),Consumers confidence indicator and survey results - monthly data,M,Monthly,BS-PT-LY,Price trends over the last 12 months,SA,"Seasonally adjusted data, not calendar adjusted data",BAL,Balance,EA20,Euro area – 20 countries (2023-2025),2018-10,,26.0,,,,,
dataflow,ESTAT:EI_BSCO_M(1.0),Consumers confidence indicator and survey results - monthly data,M,Monthly,BS-PT-LY,Price trends over the last 12 months,SA,"Seasonally adjusted data, not calendar adjusted data",BAL,Balance,EA20,Euro area – 20 countries (2023-2025),2018-11,,26.3,,,,,
dataflow,ESTAT:EI_BSCO_M(1.0),Consumers confidence indicator and survey results - monthly data,M,Monthly,BS-PT-LY,Price trends over the last 12 months,SA,"Seasonally adjusted data, not calendar adjusted data",BAL,Balance,EA20,Euro area – 20 countries (2023-2025),2018-12,,25.0,,,,,
dataflow,ESTAT:EI_BSCO_M(1.0),Consumers confidence indicator and survey results - monthly data,M,Monthly,BS-PT-LY,Price trends over the last 12 months,SA,"Seasonally adjusted data, not calendar adjusted data",BAL,Balance,EA20,Euro area – 20 countries (2023-2025),2019-01,,20.0,,,,,
dataflow,ESTAT:EI_BSCO_M(1.0),Consumers confidence indicator and survey results - monthly data,M,Monthly,BS-PT-LY,Price trends over the last 12 months,SA,"Seasonally adjusted data, not calendar adjusted data",BAL,Balance,EA20,Euro area – 20 countries (2023-2025),2019-02,,21.6,,,,,
dataflow,ESTAT:EI_BSCO_M(1.0),Consumers confidence indicator and survey results - monthly data,M,Monthly,BS-PT-LY,Price trends over the last 12 months,SA,"Seasonally adjusted data, not calendar adjusted data",BAL,Balance,EA20,Euro area – 20 countries (2023-2025),2019-03,,22.9,,,,,
dataflow,ESTAT:EI_BSCO_M(1.0),Consumers confidence indicator and survey results - monthly data,M,Monthly,BS-PT-LY,Price trends over the last 12 months,SA,"Seasonally adjusted data, not calendar adjusted data",BAL,Balance,EA20,Euro area – 20 countries (2023-2025),2019-04,,15.3,,,,,
dataflow,ESTAT:EI_BSCO_M(1.0),Consumers confidence indicator and survey results - monthly data,M,Monthly,BS-PT-LY,Price trends over the last 12 months,SA,"Seasonally adjusted data, not calendar adjusted data",BAL,Balance,EA20,Euro area – 20 countries (2023-2025),2019-05,,23.3,,,,,
dataflow,ESTAT:EI_BSCO_M(1.0),Consumers confidence indicator and survey results - monthly data,M,Monthly,BS-PT-LY,Price trends over the last 12 months,SA,"Seasonally adjusted data, not calendar adjusted data",BAL,Balance,EA20,Euro area – 20 countries (2023-2025),2019-06,,22.1,,,,,
dataflow,ESTAT:EI_BSCO_M(1.0),Consumers confidence indicator and survey results - monthly data,M,Monthly,BS-PT-LY,Price trends over the last 12 months,SA,"Seasonally adjusted data, not calendar adjusted data",BAL,Balance,EA20,Euro area – 20 countries (2023-2025),2019-07,,19.1,,,,,
dataflow,ESTAT:EI_BSCO_M(1.0),Consumers confidence indicator and survey results - monthly data,M,Monthly,BS-PT-LY,Price trends over the last 12 months,SA,"Seasonally adjusted data, not calendar adjusted data",BAL,Balance,EA20,Euro area – 20 countries (2023-2025),2019-08,,19.2,,,,,
dataflow,ESTAT:EI_BSCO_M(1.0),Consumers confidence indicator and survey results - monthly data,M,Monthly,BS-PT-LY,Price trends over the last 12 months,SA,"Seasonally adjusted data, not calendar adjusted data",BAL,Balance,EA20,Euro area – 20 countries (2023-2025),2019-09,,18.2,,,,,
dataflow,ESTAT:EI_BSCO_M(1.0),Consumers confidence indicator and survey results - monthly data,M,Monthly,BS-PT-LY,Price trends over the last 12 months,SA,"Seasonally adjusted data, not calendar adjusted data",BAL,Balance,EA20,Euro area – 20 countries (2023-2025),2019-10,,17.4,,,,,
dataflow,ESTAT:EI_BSCO_M(1.0),Consumers confidence indicator and survey results - monthly data,M,Monthly,BS-PT-LY,Price trends over the last 12 months,SA,"Seasonally adjusted data, not calendar adjusted data",BAL,Balance,EA20,Euro area – 20 countries (2023-2025),2019-11,,16.1,,,,,
dataflow,ESTAT:EI_BSCO_M(1.0),Consumers confidence indicator and survey results - monthly data,M,Monthly,BS-PT-LY,Price trends over the last 12 months,SA,"Seasonally adjusted data, not calendar adjusted data",BAL,Balance,EA20,Euro area – 20 countries (2023-2025),2019-12,,16.0,,,,,
dataflow,ESTAT:EI_BSCO_M(1.0),Consumers confidence indicator and survey results - monthly data,M,Monthly,BS-PT-LY,Price trends over the last 12 months,SA,"Seasonally adjusted data, not calendar adjusted data",BAL,Balance,EA20,Euro area – 20 countries (2023-2025),2020-01,,16.2,,,,,
dataflow,ESTAT:EI_BSCO_M(1.0),Consumers confidence indicator and survey results - monthly data,M,Monthly,BS-PT-LY,Price trends over the last 12 months,SA,"Seasonally adjusted data, not calendar adjusted data",BAL,Balance,EA20,Euro area – 20 countries (2023-2025),2020-02,,16.9,,,,,
dataflow,ESTAT:EI_BSCO_M(1.0),Consumers confidence indicator and survey results - monthly data,M,Monthly,BS-PT-LY,Price trends over the last 12 months,SA,"Seasonally adjusted data, not calendar adjusted data",BAL,Balance,EA20,Euro area – 20 countries (2023-2025),2020-03,,12.6,,,,,
dataflow,ESTAT:EI_BSCO_M(1.0),Consumers confidence indicator and survey results - monthly data,M,Monthly,BS-PT-LY,Price trends over the last 12 months,SA,"Seasonally adjusted data, not calendar adjusted data",BAL,Balance,EA20,Euro area – 20 countries (2023-2025),2020-04,,4.8,,,,,
dataflow,ESTAT:EI_BSCO_M(1.0),Consumers confidence indicator and survey results - monthly data,M,Monthly,BS-PT-LY,Price trends over the last 12 months,SA,"Seasonally adjusted data, not calendar adjusted data",BAL,Balance,EA20,Euro area – 20 countries (2023-2025),2020-05,,15.3,,,,,
dataflow,ESTAT:EI_BSCO_M(1.0),Consumers confidence indicator and survey results - monthly data,M,Monthly,BS-PT-LY,Price trends over the last 12 months,SA,"Seasonally adjusted data, not calendar adjusted data",BAL,Balance,EA20,Euro area – 20 countries (2023-2025),2020-06,,17.8,,,,,
dataflow,ESTAT:EI_BSCO_M(1.0),Consumers confidence indicator and survey results - monthly data,M,Monthly,BS-PT-LY,Price trends over the last 12 months,SA,"Seasonally adjusted data, not calendar adjusted data",BAL,Balance,EA20,Euro area – 20 countries (2023-2025),2020-07,,14.4,,,,,
dataflow,ESTAT:EI_BSCO_M(1.0),Consumers confidence indicator and survey results - monthly data,M,Monthly,BS-PT-LY,Price trends over the last 12 months,SA,"Seasonally adjusted data, not calendar adjusted data",BAL,Balance,EA20,Euro area – 20 countries (2023-2025),2020-08,,15.6,,,,,
dataflow,ESTAT:EI_BSCO_M(1.0),Consumers confidence indicator and survey results - monthly data,M,Monthly,BS-PT-LY,Price trends over the last 12 months,SA,"Seasonally adjusted data, not calendar adjusted data",BAL,Balance,EA20,Euro area – 20 countries (2023-2025),2020-09,,12.5,,,,,
